LGA_NAME21,sum_prop_funding,num_sp_current_recovery_plan,sum_sutcliffe_met,num_sp_status_improved,sum_persistence_prob,num_sp_status_worsened,num_sp_extinct,number_threat_sp,number_delisted_sp,indicator_funding,grade_funding,indicator_recovery_plans,grade_recovery_plans,indicator_habitat_prot,grade_habitat_prot,indicator_improved,grade_improved,indicator_persistence,grade_persistence,input,input_grade,output,output_grade,outcome,outcome_grade
Adelaide,0.115393893,1,11.21715385,0,14.23303977,0,0,16,0,0.007212118,F,0.0625,F,0.701072116,B,0,F,0.889564985,A,0.007212118,F,0.381786058,D,0.444782493,D
Adelaide Hills,0.143161484,1,19.14562861,0,24.37860947,0,0,31,0,0.004618112,F,0.032258065,F,0.617600923,C,0,F,0.786406757,B,0.004618112,F,0.324929494,E,0.393203378,D
Adelaide Plains,0.196142627,6,25.99686038,0,24.23721423,0,0,29,0,0.006763539,F,0.206896552,E,0.896443461,A,0,F,0.835766008,A,0.006763539,F,0.551670007,C,0.417883004,D
Albany,1.978515019,12,58.78185334,1,61.91117486,2,0,77,1,0.025695,F,0.155844156,F,0.763400693,B,0.012820513,F,0.793733011,B,0.025695,F,0.459622424,D,0.403276762,D
Albury,0.181555141,8,19.37126439,0,18.97052194,1,0,24,0,0.007564798,F,0.333333333,D,0.807136016,B,0,F,0.790438414,B,0.007564798,F,0.570234675,C,0.395219207,D
Alexandrina,0.271694911,6,45.43468866,0,51.14490558,0,0,65,0,0.004179922,F,0.092307692,F,0.69899521,B,0,F,0.786844701,B,0.004179922,F,0.395651451,D,0.393422351,D
Alice Springs,0.104768877,2,7.080164903,0,6.995852364,0,0,9,0,0.011640986,F,0.222222222,E,0.786684989,B,0,F,0.777316929,B,0.011640986,F,0.504453606,C,0.388658465,D
Alpine,1.80411291,9,40.59851925,0,37.46688826,0,0,44,0,0.041002566,F,0.204545455,E,0.922693619,A,0,F,0.851520188,A,0.041002566,F,0.563619537,C,0.425760094,D
Anangu Pitjantjatjara Yunkunytjatjara,0.051176969,2,8.84778019,0,8.633587099,0,0,9,0,0.00568633,F,0.222222222,E,0.983086688,A,0,F,0.959287455,A,0.00568633,F,0.602654455,C,0.479643728,D
Ararat,0.22652825,12,44.73708567,0,51.04140146,0,0,61,0,0.003713578,F,0.196721311,E,0.733394847,B,0,F,0.836744286,A,0.003713578,F,0.465058079,D,0.418372143,D
Armadale,0.306221907,4,20.90046376,0,25.24922889,2,0,33,0,0.009279452,F,0.121212121,F,0.633347387,C,0,F,0.765128148,B,0.009279452,F,0.377279754,D,0.382564074,D
Armidale Regional,1.735014431,9,49.92537646,0,55.61676068,2,0,64,0,0.0271096,F,0.140625,F,0.780084007,B,0,F,0.869011886,A,0.0271096,F,0.460354504,D,0.434505943,D
Ashburton,0.180218385,9,28.28958608,0,26.61282209,0,0,32,0,0.005631825,F,0.28125,E,0.884049565,A,0,F,0.83165069,B,0.005631825,F,0.582649783,C,0.415825345,D
Augusta Margaret River,0.542596621,10,33.90612212,0,39.31163124,0,0,52,0,0.01043455,F,0.192307692,E,0.65204081,C,0,F,0.755992908,B,0.01043455,F,0.422174251,D,0.377996454,D
Aurukun,0.071523862,9,25.64957905,0,23.90445386,0,0,27,0,0.002649032,F,0.333333333,D,0.949984409,A,0,F,0.885350143,A,0.002649032,F,0.641658871,C,0.442675071,D
Ballarat,0.110223239,7,24.5992193,0,27.42482268,0,0,33,0,0.003340098,F,0.212121212,E,0.745430888,B,0,F,0.831055233,B,0.003340098,F,0.47877605,D,0.415527616,D
Ballina,1.375331125,11,55.61875237,0,58.03725382,1,0,70,0,0.019647588,F,0.157142857,F,0.794553605,B,0,F,0.829103626,B,0.019647588,F,0.475848231,D,0.414551813,D
Balonne,0.085757978,2,10.21300288,0,10.48341469,1,0,12,0,0.007146498,F,0.166666667,F,0.851083573,A,0,F,0.873617891,A,0.007146498,F,0.50887512,C,0.436808945,D
Balranald,1.139328832,3,18.60699295,0,17.54996467,1,0,22,0,0.051787674,F,0.136363636,F,0.845772407,A,0,F,0.797725667,B,0.051787674,F,0.491068022,D,0.398862833,D
Banana,0.194572253,5,31.33206861,0,39.97524243,3,0,46,0,0.004229832,F,0.108695652,F,0.681131926,B,0,F,0.869027009,A,0.004229832,F,0.394913789,D,0.434513505,D
Banyule,0.247543754,6,21.44278852,0,23.24592728,0,0,28,0,0.008840848,F,0.214285714,E,0.765813876,B,0,F,0.830211689,B,0.008840848,F,0.490049795,D,0.415105844,D
Barcaldine,0.023091944,2,17.59126383,0,24.52508932,1,0,28,0,0.000824712,F,0.071428571,F,0.628259423,C,0,F,0.875896047,A,0.000824712,F,0.349843997,D,0.437948024,D
Barcoo,0.014604938,1,12.91995963,0,16.35866365,0,0,18,0,0.000811385,F,0.055555556,F,0.717775535,B,0,F,0.908814647,A,0.000811385,F,0.386665545,D,0.454407324,D
Barkly,0.015108818,2,13.76840222,0,12.44183101,0,0,14,0,0.001079201,F,0.142857143,F,0.983457302,A,0,F,0.888702215,A,0.001079201,F,0.563157222,C,0.444351107,D
Barossa,0.152386356,2,16.2951246,0,21.19100101,0,0,27,0,0.005643939,F,0.074074074,F,0.603523133,C,0,F,0.784851889,B,0.005643939,F,0.338798604,D,0.392425945,D
Barunga West,0.115044819,5,22.33492012,0,22.45808426,0,0,27,0,0.004260919,F,0.185185185,E,0.827219264,B,0,F,0.831780899,B,0.004260919,F,0.506202224,C,0.415890449,D
Bass Coast,0.593386418,9,48.45955682,0,46.17117298,0,0,54,0,0.010988637,F,0.166666667,F,0.8973992,A,0,F,0.855021722,A,0.010988637,F,0.532032934,C,0.427510861,D
Bassendean,0.266811084,8,22.37546213,0,23.99930905,0,0,28,0,0.009528967,F,0.285714286,E,0.799123647,B,0,F,0.85711818,A,0.009528967,F,0.542418967,C,0.42855909,D
Bathurst Regional,1.198890876,9,28.9833433,0,29.01258752,2,0,35,0,0.034254025,F,0.257142857,E,0.828095523,B,0,F,0.828931072,B,0.034254025,F,0.54261919,C,0.414465536,D
Baw Baw,1.44450671,6,31.9884504,0,31.72095575,0,0,40,0,0.036112668,F,0.15,F,0.79971126,B,0,F,0.793023894,B,0.036112668,F,0.47485563,D,0.396511947,D
Bayside (NSW),0.229748398,11,51.16896942,0,46.25394938,1,0,55,0,0.004177244,F,0.2,E,0.930344899,A,0,F,0.840980898,A,0.004177244,F,0.565172449,C,0.420490449,D
Bayside (Vic.),0.154260865,8,34.97305497,0,32.42945222,0,0,37,0,0.004169213,F,0.216216216,E,0.945217702,A,0,F,0.876471682,A,0.004169213,F,0.580716959,C,0.438235841,D
Bayswater,0.480002439,9,24.92559962,0,23.44937121,0,0,28,0,0.017142944,F,0.321428571,E,0.890199987,A,0,F,0.837477543,A,0.017142944,F,0.605814279,C,0.418738772,D
Bega Valley,1.10264656,16,79.13979273,0,77.01286037,2,0,89,0,0.012389287,F,0.179775281,E,0.889211154,A,0,F,0.865313038,A,0.012389287,F,0.534493218,C,0.432656519,D
Bellingen,2.368189242,13,67.67884013,0,62.75400827,3,0,75,0,0.031575857,F,0.173333333,E,0.902384535,A,0,F,0.83672011,A,0.031575857,F,0.537858934,C,0.418360055,D
Belmont,0.431829044,8,24.38178004,0,27.80755296,1,0,33,0,0.013085729,F,0.242424242,E,0.738841819,B,0,F,0.84265312,A,0.013085729,F,0.490633031,D,0.42132656,D
Belyuen,0.071747741,1,16.80285116,0,14.6502313,0,0,17,0,0.004220455,F,0.058823529,F,0.988403009,A,0,F,0.861778312,A,0.004220455,F,0.523613269,C,0.430889156,D
Benalla,0.365099172,8,28.37421818,0,29.26257149,0,0,36,0,0.010141644,F,0.222222222,E,0.788172727,B,0,F,0.812849208,B,0.010141644,F,0.505197475,C,0.406424604,D
Berri Barmera,1.134441308,4,13.54565209,0,11.78330444,0,0,15,0,0.075629421,F,0.266666667,E,0.903043473,A,0,F,0.785553629,B,0.075629421,F,0.58485507,C,0.392776815,D
Berrigan,0.098220382,3,16.77048815,0,16.89143809,1,0,23,0,0.004270451,F,0.130434783,F,0.729151659,B,0,F,0.734410352,B,0.004270451,F,0.429793221,D,0.367205176,D
Beverley,1.216421774,4,15.88396663,0,24.72853324,0,0,28,0,0.043443635,F,0.142857143,F,0.567284522,C,0,F,0.883161901,A,0.043443635,F,0.355070833,D,0.441580951,D
Blackall Tambo,0.013492932,3,18.76266437,0,21.32540208,1,0,24,0,0.000562206,F,0.125,F,0.781777682,B,0,F,0.88855842,A,0.000562206,F,0.453388841,D,0.44427921,D
Blacktown,0.154197513,6,26.36951496,0,30.00387446,1,0,36,0,0.004283264,F,0.166666667,F,0.732486527,B,0,F,0.833440957,A,0.004283264,F,0.449576597,D,0.416720479,D
Bland,0.159037259,3,13.43088716,0,14.36235622,1,0,18,0,0.008835403,F,0.166666667,F,0.746160398,B,0,F,0.797908679,B,0.008835403,F,0.456413532,D,0.398954339,D
Blayney,0.141860014,6,20.95793738,0,20.85824064,1,0,25,0,0.005674401,F,0.24,E,0.838317495,A,0,F,0.834329626,A,0.005674401,F,0.539158748,C,0.417164813,D
Blue Mountains,4.886051858,10,59.14426671,0,62.26611912,1,0,73,0,0.066932217,F,0.136986301,F,0.810195434,B,0,F,0.852960536,A,0.066932217,F,0.473590868,D,0.426480268,D
Boddington,0.216421774,4,9.948050335,0,12.63319615,1,0,14,0,0.015458698,F,0.285714286,E,0.710575024,B,0,F,0.902371153,A,0.015458698,F,0.498144655,D,0.451185577,D
Bogan,0.124437016,0,9.455936531,0,12.01256069,1,0,13,0,0.009572078,F,0,F,0.727379733,B,0,F,0.92404313,A,0.009572078,F,0.363689867,D,0.462021565,D
Boroondara,0.154260865,6,22.46442788,0,24.95435964,0,0,29,0,0.00531934,F,0.206896552,E,0.774635444,B,0,F,0.86049516,A,0.00531934,F,0.490765998,D,0.43024758,D
Boulia,0.015577747,1,12.24530514,0,13.06246647,0,0,15,0,0.001038516,F,0.066666667,F,0.816353676,B,0,F,0.870831098,A,0.001038516,F,0.441510171,D,0.435415549,D
Bourke,0.044298348,1,9.665919232,0,10.73339866,1,0,13,0,0.003407565,F,0.076923077,F,0.743532249,B,0,F,0.825646051,B,0.003407565,F,0.410227663,D,0.412823025,D
Boyup Brook,0.874294097,6,18.16055192,0,20.32038159,2,0,25,0,0.034971764,F,0.24,E,0.726422077,B,0,F,0.812815263,B,0.034971764,F,0.483211038,D,0.406407632,D
Break O'Day,0.536150133,22,55.17147652,0,61.85757652,0,0,75,0,0.007148668,F,0.293333333,E,0.735619687,B,0,F,0.824767687,B,0.007148668,F,0.51447651,C,0.412383843,D
Brewarrina,0.125168802,1,11.32707862,0,11.53332047,1,0,14,0,0.008940629,F,0.071428571,F,0.809077044,B,0,F,0.823808605,B,0.008940629,F,0.440252808,D,0.411904302,D
Bridgetown-Greenbushes,0.834883274,6,13.83029482,0,12.88318012,0,0,15,0,0.055658885,F,0.4,D,0.922019654,A,0,F,0.858878674,A,0.055658885,F,0.661009827,C,0.429439337,D
Brighton,0.380669004,10,31.26038526,1,33.94149895,0,0,39,1,0.009760744,F,0.256410256,E,0.80154834,B,0.025,F,0.848537474,A,0.009760744,F,0.528979298,C,0.436768737,D
Brimbank,0.123601199,6,20.78809601,0,22.15813039,0,0,28,0,0.004414329,F,0.214285714,E,0.742432,B,0,F,0.7913618,B,0.004414329,F,0.478358857,D,0.3956809,D
Brisbane,1.396876786,13,61.07849018,0,57.71657223,1,0,68,0,0.020542306,F,0.191176471,E,0.898213091,A,0,F,0.848773121,A,0.020542306,F,0.544694781,C,0.424386561,D
Broken Hill,0,0,5.224257666,0,5.146024775,0,0,6,0,0,F,0,F,0.870709611,A,0,F,0.857670796,A,0,F,0.435354805,D,0.428835398,D
Brookton,1.661102742,4,11.95437538,0,20.81170059,0,0,24,0,0.069212614,F,0.166666667,F,0.498098974,D,0,F,0.867154191,A,0.069212614,F,0.33238282,E,0.433577096,D
Broome,0.074569102,9,25.44510179,0,22.04954165,0,0,29,0,0.002571348,F,0.310344828,E,0.877417303,A,0,F,0.760329023,B,0.002571348,F,0.593881065,C,0.380164511,D
Broomehill-Tambellup,0.168248379,2,12.15240013,0,16.33285132,0,0,20,0,0.008412419,F,0.1,F,0.607620006,C,0,F,0.816642566,B,0.008412419,F,0.353810003,D,0.408321283,D
Bruce Rock,0.104812844,3,7.721339328,0,10.88687268,1,0,15,0,0.006987523,F,0.2,E,0.514755955,C,0,F,0.725791512,B,0.006987523,F,0.357377978,D,0.362895756,D
Bulloo,0.003553147,1,11.69076576,0,12.69181498,0,0,15,0,0.000236876,F,0.066666667,F,0.779384384,B,0,F,0.846120999,A,0.000236876,F,0.423025525,D,0.423060499,D
Buloke,1.207929638,6,24.62564466,0,26.57493097,0,0,34,0,0.035527342,F,0.176470588,E,0.724283666,B,0,F,0.781615617,B,0.035527342,F,0.450377127,D,0.390807808,D
Bunbury,0.503352906,7,30.03412721,0,27.74550427,2,0,35,0,0.014381512,F,0.2,E,0.85811792,A,0,F,0.792728693,B,0.014381512,F,0.52905896,C,0.396364347,D
Bundaberg,0.148761322,10,50.18097266,0,53.03770889,1,0,61,0,0.00243871,F,0.163934426,F,0.822638896,B,0,F,0.869470638,A,0.00243871,F,0.493286661,D,0.434735319,D
Burdekin,0.07590348,7,29.77347298,0,29.31254139,1,0,34,0,0.002232455,F,0.205882353,E,0.875690382,A,0,F,0.86213357,A,0.002232455,F,0.540786367,C,0.431066785,D
Burke,0.07272055,9,27.2717259,0,23.43729242,0,0,28,0,0.002597163,F,0.321428571,E,0.973990211,A,0,F,0.837046158,A,0.002597163,F,0.647709391,C,0.418523079,D
Burnie,1.048204397,7,30.84342392,0,30.15035431,0,0,33,0,0.03176377,F,0.212121212,E,0.93464921,A,0,F,0.9136471,A,0.03176377,F,0.573385211,C,0.45682355,D
Burnside,0.143161484,1,14.79773342,0,17.86199733,0,0,21,0,0.006817214,F,0.047619048,F,0.704653972,B,0,F,0.850571301,A,0.006817214,F,0.37613651,D,0.425285651,D
Burwood,0.196280742,10,42.36440084,0,36.92902921,1,0,44,0,0.004460926,F,0.227272727,E,0.962827292,A,0,F,0.839296118,A,0.004460926,F,0.59505001,C,0.419648059,D
Busselton,0.503352906,10,33.44474569,0,46.99016775,0,0,60,0,0.008389215,F,0.166666667,F,0.557412428,C,0,F,0.783169462,B,0.008389215,F,0.362039547,D,0.391584731,D
Byron,1.688070685,13,68.81708637,0,74.67005901,1,0,89,0,0.018967086,F,0.146067416,F,0.77322569,B,0,F,0.838989427,A,0.018967086,F,0.459646553,D,0.419494714,D
Cabonne,0.10662386,7,28.9667914,0,31.04170146,3,0,38,0,0.002805891,F,0.184210526,E,0.762283984,B,0,F,0.81688688,B,0.002805891,F,0.473247255,D,0.40844344,D
Cairns,1.505509744,9,67.78202716,1,62.49900381,1,0,75,1,0.020073463,F,0.12,F,0.903760362,A,0.013157895,F,0.822355313,B,0.020073463,F,0.511880181,C,0.417756604,D
Cambridge,0.356598748,7,25.88833925,0,21.72886007,0,0,27,0,0.013207361,F,0.259259259,E,0.95882738,A,0,F,0.804772595,B,0.013207361,F,0.609043319,C,0.402386298,D
Camden,0.192025487,6,22.42837514,0,22.45808426,1,0,27,0,0.007112055,F,0.222222222,E,0.830680561,B,0,F,0.831780899,B,0.007112055,F,0.526451392,C,0.415890449,D
Campaspe,0.117999838,5,24.11901676,0,28.17477459,1,0,36,0,0.003277773,F,0.138888889,F,0.669972688,B,0,F,0.782632628,B,0.003277773,F,0.404430788,D,0.391316314,D
Campbelltown (NSW),1.007087711,10,39.55295168,0,39.68736734,1,0,47,0,0.021427398,F,0.212765957,E,0.841552163,A,0,F,0.844412071,A,0.021427398,F,0.52715906,C,0.422206036,D
Campbelltown (SA),0.143161484,1,14.04341002,0,17.68271097,0,0,21,0,0.006817214,F,0.047619048,F,0.668733811,B,0,F,0.842033856,A,0.006817214,F,0.358176429,D,0.421016928,D
Canada Bay,0.225686967,11,46.07996727,0,40.91655947,1,0,49,0,0.004605856,F,0.224489796,E,0.940407495,A,0,F,0.835031826,A,0.004605856,F,0.582448646,C,0.417515913,D
Canning,0.258048512,7,28.01328144,0,32.91568662,0,0,41,0,0.006293866,F,0.170731707,E,0.683250767,B,0,F,0.802821625,B,0.006293866,F,0.426991237,D,0.401410812,D
Canterbury-Bankstown,0.283493577,12,50.60038859,0,49.81220933,1,0,59,0,0.004804976,F,0.203389831,E,0.857633705,A,0,F,0.844274734,A,0.004804976,F,0.530511768,C,0.422137367,D
Capel,0.503352906,8,32.18693591,0,41.14073111,1,0,52,0,0.009679864,F,0.153846154,F,0.618979537,C,0,F,0.791167906,B,0.009679864,F,0.386412845,D,0.395583953,D
Cardinia,1.479230763,9,52.69721786,0,48.87954121,0,0,59,0,0.025071708,F,0.152542373,F,0.893173184,A,0,F,0.8284668,B,0.025071708,F,0.522857778,C,0.4142334,D
Carnamah,0.146806411,8,29.42416084,0,42.21479446,3,0,54,0,0.002718637,F,0.148148148,F,0.544891867,C,0,F,0.781755453,B,0.002718637,F,0.346520008,D,0.390877726,D
Carnarvon,0.125111628,11,24.77220443,0,22.58740071,0,0,29,0,0.004314194,F,0.379310345,D,0.854213946,A,0,F,0.778875887,B,0.004314194,F,0.616762145,C,0.389437943,D
Carpentaria,0.157557808,9,25.08745279,0,21.4788761,0,0,26,0,0.006059916,F,0.346153846,D,0.96490203,A,0,F,0.826110619,B,0.006059916,F,0.655527938,C,0.41305531,D
Carrathool,0.144948258,4,16.6164685,0,18.45847521,2,0,22,0,0.006588557,F,0.181818182,E,0.755294023,B,0,F,0.839021601,A,0.006588557,F,0.468556102,D,0.4195108,D
Casey,0.206530669,9,48.94527281,0,45.26266244,0,0,54,0,0.003824642,F,0.166666667,F,0.906393941,A,0,F,0.838197453,A,0.003824642,F,0.536530304,C,0.419098726,D
Cassowary Coast,0.895128048,11,67.7208303,0,62.88675458,1,0,74,0,0.012096325,F,0.148648649,F,0.915146355,A,0,F,0.849821008,A,0.012096325,F,0.531897502,C,0.424910504,D
Ceduna,0.145208343,4,22.60413924,0,19.69974613,0,0,24,0,0.006050348,F,0.166666667,F,0.941839135,A,0,F,0.820822755,B,0.006050348,F,0.554252901,C,0.410411378,D
Central Coast (NSW),2.052114512,13,74.00231862,0,76.7129065,1,0,90,0,0.022801272,F,0.144444444,F,0.822247985,B,0,F,0.852365628,A,0.022801272,F,0.483346215,D,0.426182814,D
Central Coast (Tas.),1.485642691,6,33.32908948,0,31.02097374,0,0,35,0,0.042446934,F,0.171428571,E,0.9522597,A,0,F,0.886313535,A,0.042446934,F,0.561844135,C,0.443156768,D
Central Darling,1.328522668,2,18.10441676,0,20.48758915,1,0,25,0,0.053140907,F,0.08,F,0.724176671,B,0,F,0.819503566,B,0.053140907,F,0.402088335,D,0.409751783,D
Central Desert,0.0145539,2,12.62741154,0,14.40024733,0,0,16,0,0.000909619,F,0.125,F,0.789213221,B,0,F,0.900015458,A,0.000909619,F,0.457106611,D,0.450007729,D
Central Goldfields,0.164899836,7,23.8132043,0,24.4372283,0,0,32,0,0.00515312,F,0.21875,E,0.744162634,B,0,F,0.763663384,B,0.00515312,F,0.481456317,D,0.381831692,D
Central Highlands (Qld),0.017030592,4,33.80861836,0,45.06264837,3,0,51,0,0.000333933,F,0.078431373,F,0.662914085,C,0,F,0.883581341,A,0.000333933,F,0.370672729,D,0.44179067,D
Central Highlands (Tas.),1.341237304,14,28.48306181,0,33.63283202,0,0,41,0,0.032713105,F,0.341463415,D,0.694708825,B,0,F,0.820312976,B,0.032713105,F,0.51808612,C,0.410156488,D
Cessnock,1.982295247,11,48.53721317,0,47.02971362,1,0,56,0,0.035398129,F,0.196428571,E,0.866735949,A,0,F,0.839816315,A,0.035398129,F,0.53158226,C,0.419908157,D
Chapman Valley,0.146806411,7,19.47612231,0,21.1203034,0,0,26,0,0.0056464,F,0.269230769,E,0.749081627,B,0,F,0.812319361,B,0.0056464,F,0.509156198,C,0.406159681,D
Charles Sturt,0.186917755,4,25.24028198,0,23.18730845,0,0,27,0,0.00692288,F,0.148148148,F,0.934825258,A,0,F,0.858789202,A,0.00692288,F,0.541486703,C,0.429394601,D
Charters Towers,1.318892299,4,40.65708826,0,50.93789734,1,0,57,0,0.023138461,F,0.070175439,F,0.71328225,B,0,F,0.893647322,A,0.023138461,F,0.391728844,D,0.446823661,D
Cherbourg,0.015768004,3,12.82755147,0,13.06246647,1,0,15,0,0.0010512,F,0.2,E,0.855170098,A,0,F,0.870831098,A,0.0010512,F,0.527585049,C,0.435415549,D
Chittering,0.191131122,4,17.93807746,0,32.67778143,4,0,40,0,0.004778278,F,0.1,F,0.448451937,D,0,F,0.816944536,B,0.004778278,F,0.274225968,E,0.408472268,D
Christmas Island,0,6,14.17619861,0,15.4450685,0,0,23,0,0,F,0.260869565,E,0.616356461,C,0,F,0.671524717,B,0,F,0.438613013,D,0.335762359,D
Circular Head,1.208401326,21,49.56085147,0,46.89531256,0,0,59,0,0.020481378,F,0.355932203,D,0.840014432,A,0,F,0.794835806,B,0.020481378,F,0.597973318,C,0.397417903,D
Clare and Gilbert Valleys,0.04875017,2,9.522762293,0,15.21224793,0,0,17,0,0.002867657,F,0.117647059,F,0.560162488,C,0,F,0.894838113,A,0.002867657,F,0.338904773,D,0.447419057,D
Claremont,0.356598748,7,25.33928649,0,20.74965191,0,0,26,0,0.013715336,F,0.269230769,E,0.974587942,A,0,F,0.798063535,B,0.013715336,F,0.621909356,C,0.399031767,D
Clarence,2.545580936,18,43.5112046,0,44.88692633,0,0,59,0,0.04314544,F,0.305084746,E,0.737478044,B,0,F,0.760795362,B,0.04314544,F,0.521281395,C,0.380397681,D
Clarence Valley,2.904867892,13,82.67139438,0,85.63271392,4,0,100,0,0.029048679,F,0.13,F,0.826713944,B,0,F,0.856327139,A,0.029048679,F,0.478356972,D,0.42816357,D
Cleve,1.073798957,4,26.36775463,0,26.85415713,0,0,30,0,0.035793299,F,0.133333333,F,0.878925154,A,0,F,0.895138571,A,0.035793299,F,0.506129244,C,0.447569285,D
Cloncurry,0.001006417,1,9.400243491,0,9.874858015,0,0,11,0,9.15E-05,F,0.090909091,F,0.85456759,A,0,F,0.897714365,A,9.15E-05,F,0.47273834,D,0.448857182,D
Cobar,0.134343442,3,15.44461629,0,17.47926705,1,0,21,0,0.006397307,F,0.142857143,F,0.735457919,B,0,F,0.83234605,B,0.006397307,F,0.439157531,D,0.416173025,D
Cockburn,0.542763729,9,35.87065454,0,30.69520754,0,0,38,0,0.014283256,F,0.236842105,E,0.943964593,A,0,F,0.807768619,B,0.014283256,F,0.590403349,C,0.40388431,D
Cocos Islands,0,6,7.895255883,0,7.366503852,0,0,9,0,0,F,0.666666667,C,0.877250654,A,0,F,0.818500428,B,0,F,0.77195866,B,0.409250214,D
Coffs Harbour,1.516858094,13,67.00010204,0,66.42085695,2,0,78,0,0.019446899,F,0.166666667,F,0.858975667,A,0,F,0.851549448,A,0.019446899,F,0.512821167,C,0.425774724,D
Colac Otway,0.273890888,14,50.42475741,0,53.71696318,0,0,63,0,0.004347474,F,0.222222222,E,0.800392975,B,0,F,0.852650209,A,0.004347474,F,0.511307598,C,0.426325105,D
Collie,0.874294097,6,12.75620457,0,14.7330077,0,0,18,0,0.048571894,F,0.333333333,D,0.708678032,B,0,F,0.818500428,B,0.048571894,F,0.521005682,C,0.409250214,D
Coober Pedy,0,1,4.972866272,0,4.716754454,0,0,5,0,0,F,0.2,E,0.994573254,A,0,F,0.943350891,A,0,F,0.597286627,C,0.471675445,D
Cook,1.59154369,11,84.08732217,3,83.70386662,1,0,92,3,0.017299388,F,0.119565217,F,0.913992632,A,0.031578947,F,0.881093333,A,0.017299388,F,0.516778925,C,0.45633614,D
Coolamon,0.154220196,3,11.45718458,0,12.33324228,1,0,15,0,0.010281346,F,0.2,E,0.763812306,B,0,F,0.822216152,B,0.010281346,F,0.481906153,D,0.411108076,D
Coolgardie,0.039410823,1,5.358023321,0,4.787452072,0,0,6,0,0.006568471,F,0.166666667,F,0.893003887,A,0,F,0.797908679,B,0.006568471,F,0.529835277,C,0.398954339,D
Coomalie,0.000223879,7,23.04602484,0,24.20440773,0,0,26,0,8.61E-06,F,0.269230769,E,0.886385571,A,0,F,0.930938759,A,8.61E-06,F,0.57780817,C,0.465469379,D
Coonamble,0.197852107,4,17.88408271,0,17.6585534,1,0,21,0,0.009421529,F,0.19047619,E,0.851622986,A,0,F,0.840883495,A,0.009421529,F,0.521049588,C,0.420441748,D
Coorong,0.444699159,10,45.54576094,0,42.08713277,0,0,50,0,0.008893983,F,0.2,E,0.910915219,A,0,F,0.841742655,A,0.008893983,F,0.555457609,C,0.420871328,D
Coorow,0.146806411,8,37.63143721,0,59.45615633,3,0,74,0,0.00198387,F,0.108108108,F,0.508532935,C,0,F,0.803461572,B,0.00198387,F,0.308320522,E,0.401730786,D
Cootamundra-Gundagai Regional,0.155959934,6,20.78985498,0,21.65816245,1,0,26,0,0.005998459,F,0.230769231,E,0.799609807,B,0,F,0.833006248,B,0.005998459,F,0.515189519,C,0.416503124,D
Copper Coast,0.105088162,2,20.98638162,0,21.04960578,0,0,25,0,0.004203526,F,0.08,F,0.839455265,A,0,F,0.841984231,A,0.004203526,F,0.459727632,D,0.420992116,D
Corangamite,0.325879824,14,53.29043156,0,58.07514494,0,0,68,0,0.00479235,F,0.205882353,E,0.783682817,B,0,F,0.854046249,A,0.00479235,F,0.494782585,D,0.427023125,D
Corrigin,1.042686385,1,7.203140593,0,13.28663811,0,0,18,0,0.057927021,F,0.055555556,F,0.400174477,D,0,F,0.738146561,B,0.057927021,F,0.227865016,E,0.369073281,D
Cottesloe,0.307841333,7,26.82970934,0,21.79955769,0,0,28,0,0.010994333,F,0.25,E,0.958203905,A,0,F,0.778555632,B,0.010994333,F,0.604101952,C,0.389277816,D
Cowra,0.236632348,6,22.90321122,0,22.08743277,1,0,27,0,0.008764161,F,0.222222222,E,0.848267082,A,0,F,0.818053066,B,0.008764161,F,0.535244652,C,0.409026533,D
Cranbrook,0.955164552,6,39.94708703,0,38.51513928,3,0,48,0,0.019899261,F,0.125,F,0.83223098,B,0,F,0.802398735,B,0.019899261,F,0.47861549,D,0.401199368,D
Croydon,0,1,5,0,4.537468103,0,0,5,0,0,F,0.2,E,1,A,0,F,0.907493621,A,0,F,0.6,C,0.45374681,D
Cuballing,1.663890496,5,11.55820021,0,16.81209155,0,0,19,0,0.087573184,F,0.263157895,E,0.608326327,C,0,F,0.884846923,A,0.087573184,F,0.435742111,D,0.442423462,D
Cue,0.039410823,1,5,0,4.237514232,0,0,6,0,0.006568471,F,0.166666667,F,0.833333333,A,0,F,0.706252372,B,0.006568471,F,0.5,C,0.353126186,D
Cumberland,0.225721375,11,46.38664126,0,41.53719493,1,0,50,0,0.004514428,F,0.22,E,0.927732825,A,0,F,0.830743899,B,0.004514428,F,0.573866413,C,0.415371949,D
Cunderdin,0.042686385,2,7.436704961,0,17.57412224,0,0,22,0,0.00194029,F,0.090909091,F,0.338032044,D,0,F,0.798823738,B,0.00194029,F,0.214470567,E,0.399411869,D
Dalwallinu,0.045474139,3,11.60277696,0,20.97382355,1,0,29,0,0.001568074,F,0.103448276,F,0.400095757,D,0,F,0.723235295,B,0.001568074,F,0.251772017,E,0.361617647,D
Dandaragan,1.203909485,9,37.59871866,0,55.68580353,2,0,67,0,0.017968798,F,0.134328358,F,0.561174905,C,0,F,0.831131396,B,0.017968798,F,0.347751632,D,0.415565698,D
Dardanup,0.590937124,9,32.03288313,0,29.27465027,0,0,36,0,0.01641492,F,0.25,E,0.889802309,A,0,F,0.81318473,B,0.01641492,F,0.569901155,C,0.406592365,D
Darebin,0.247543754,6,22.04038973,0,23.97515148,0,0,28,0,0.008840848,F,0.214285714,E,0.787156776,B,0,F,0.85625541,A,0.008840848,F,0.500721245,C,0.428127705,D
Darwin,0.071747741,9,29.85636049,0,26.55420326,0,0,31,0,0.002314443,F,0.290322581,E,0.963108403,A,0,F,0.856587202,A,0.002314443,F,0.626715492,C,0.428293601,D
Darwin Waterfront Precinct,0.071747741,9,27.80285116,0,23.61657877,0,0,28,0,0.002562419,F,0.321428571,E,0.99295897,A,0,F,0.843449242,A,0.002562419,F,0.657193771,C,0.421724621,D
Denmark,0.257881405,6,39.82052327,1,39.17030013,0,0,46,1,0.005606117,F,0.130434783,F,0.865663549,A,0.021276596,F,0.833410641,A,0.005606117,F,0.498049166,D,0.427343618,D
Derby-West Kimberley,0.081739021,10,32.24744852,1,29.40403084,0,0,34,1,0.002404089,F,0.294117647,E,0.948454368,A,0.028571429,F,0.840115167,A,0.002404089,F,0.621286008,C,0.434343298,D
Derwent Valley,0.380669004,16,38.91666028,1,38.44107593,0,0,47,1,0.008099341,F,0.340425532,D,0.828014049,B,0.020833333,F,0.800855749,B,0.008099341,F,0.58421979,C,0.410844541,D
Devonport,1.200598713,9,32.63259716,0,30.97100384,0,0,37,0,0.032448614,F,0.243243243,E,0.881962085,A,0,F,0.837054158,A,0.032448614,F,0.562602664,C,0.418527079,D
Diamantina,0.014604938,2,11.27744459,0,13.49173679,0,0,16,0,0.000912809,F,0.125,F,0.704840287,B,0,F,0.843233549,A,0.000912809,F,0.414920143,D,0.421616775,D
Donnybrook-Balingup,0.834883274,6,14.98678149,0,16.44144006,1,0,19,0,0.043941225,F,0.315789474,E,0.788777973,B,0,F,0.86533895,A,0.043941225,F,0.552283723,C,0.432669475,D
Doomadgee,0.071747741,8,19.80285116,0,15.78291348,0,0,20,0,0.003587387,F,0.4,D,0.990142558,A,0,F,0.789145674,B,0.003587387,F,0.695071279,B,0.394572837,D
Dorset,1.501716226,14,49.19993998,0,48.9415899,0,0,57,0,0.026345899,F,0.245614035,E,0.863156842,A,0,F,0.858624384,A,0.026345899,F,0.554385438,C,0.429312192,D
Douglas,1.505509744,9,79.38315232,2,73.9324486,1,0,89,2,0.01691584,F,0.101123596,F,0.891945532,A,0.021978022,F,0.81244449,B,0.01691584,F,0.496534564,D,0.417211256,D
Dowerin,0.042686385,2,8.550752838,0,19.97388767,1,0,25,0,0.001707455,F,0.08,F,0.342030114,D,0,F,0.798955507,B,0.001707455,F,0.211015057,E,0.399477753,D
Dubbo Regional,0.201132516,7,25.82791668,0,28.88327107,1,0,33,0,0.006094925,F,0.212121212,E,0.782664142,B,0,F,0.875250638,A,0.006094925,F,0.497392677,D,0.437625319,D
Dumbleyung,0.146806411,2,9.367254272,0,13.50381557,0,0,16,0,0.009175401,F,0.125,F,0.585453392,C,0,F,0.843988473,A,0.009175401,F,0.355226696,D,0.421994237,D
Dundas,0.558891216,5,28.37836168,0,26.70767728,0,0,33,0,0.016936097,F,0.151515152,F,0.859950354,A,0,F,0.809323554,B,0.016936097,F,0.505732753,C,0.404661777,D
Dungog,1.886554945,10,40.53416843,0,38.44609643,1,0,45,0,0.041923443,F,0.222222222,E,0.900759298,A,0,F,0.854357698,A,0.041923443,F,0.56149076,C,0.427178849,D
East Arnhem,1.422500395,9,29.80285116,0,25.5749951,0,0,30,0,0.04741668,F,0.3,E,0.993428372,A,0,F,0.852499837,A,0.04741668,F,0.646714186,C,0.426249918,D
East Fremantle,0.317187925,7,24.82970934,0,21.1203034,0,0,26,0,0.012199536,F,0.269230769,E,0.954988821,A,0,F,0.812319361,B,0.012199536,F,0.612109795,C,0.406159681,D
East Gippsland,2.067511684,16,95.79315696,0,96.58329005,1,0,111,0,0.018626231,F,0.144144144,F,0.863001414,A,0,F,0.87011973,A,0.018626231,F,0.503572779,C,0.435059865,D
East Pilbara,0.074986993,7,25.76014857,0,22.58740071,0,0,29,0,0.002585758,F,0.24137931,E,0.888280985,A,0,F,0.778875887,B,0.002585758,F,0.564830148,C,0.389437943,D
Edward River,0.155255081,5,18.07040381,0,17.07072445,1,0,23,0,0.006750221,F,0.217391304,E,0.785669731,B,0,F,0.742205411,B,0.006750221,F,0.501530518,C,0.371102705,D
Elliston,1.196901277,6,29.14896949,0,26.26632817,0,0,32,0,0.037403165,F,0.1875,E,0.910905297,A,0,F,0.820822755,B,0.037403165,F,0.549202648,C,0.410411378,D
Esperance,1.313153791,8,38.10681196,1,38.22389847,1,0,48,1,0.027357371,F,0.166666667,F,0.793891916,B,0.020408163,F,0.780079561,B,0.027357371,F,0.480279291,D,0.400243862,D
Etheridge,0.005722042,1,15.71408038,0,18.57914273,1,0,21,0,0.000272478,F,0.047619048,F,0.748289542,B,0,F,0.884721082,A,0.000272478,F,0.397954295,D,0.442360541,D
Eurobodalla,0.334058542,14,66.37241873,0,63.07977448,1,0,72,0,0.004639702,F,0.194444444,E,0.921839149,A,0,F,0.876107979,A,0.004639702,F,0.558141797,C,0.438053989,D
Exmouth,0.085700805,8,20.31990213,0,19.75836496,0,0,25,0,0.003428032,F,0.32,E,0.812796085,B,0,F,0.790334598,B,0.003428032,F,0.566398043,C,0.395167299,D
Fairfield,0.220727227,7,24.19239786,0,25.28712001,1,0,31,0,0.007120233,F,0.225806452,E,0.780399931,B,0,F,0.815713549,B,0.007120233,F,0.503103191,C,0.407856774,D
Federation,0.215904874,7,23.08480967,0,25.9663743,1,0,33,0,0.006542572,F,0.212121212,E,0.699539687,B,0,F,0.786859827,B,0.006542572,F,0.45583045,D,0.393429914,D
Flinders (Qld),0.005722042,1,12.92350664,0,16.72931514,1,0,18,0,0.000317891,F,0.055555556,F,0.717972591,B,0,F,0.929406397,A,0.000317891,F,0.386764073,D,0.464703198,D
Flinders (Tas.),0.271275093,7,33.68096885,0,30.91238501,0,0,36,0,0.007535419,F,0.194444444,E,0.935582468,A,0,F,0.858677361,A,0.007535419,F,0.565013456,C,0.429338681,D
Flinders Ranges,0.204200127,1,9.365471572,0,12.44183101,0,0,14,0,0.014585723,F,0.071428571,F,0.668962255,B,0,F,0.888702215,A,0.014585723,F,0.370195413,D,0.444351107,D
Forbes,0.246634656,3,16.28508629,0,15.7708347,1,0,20,0,0.012331733,F,0.15,F,0.814254315,B,0,F,0.788541735,B,0.012331733,F,0.482127157,D,0.394270867,D
Franklin Harbour,2.129332658,3,29.18957261,0,28.88327107,0,0,33,0,0.064525232,F,0.090909091,F,0.884532503,A,0,F,0.875250638,A,0.064525232,F,0.487720797,D,0.437625319,D
Frankston,0.19940573,8,42.01919579,0,39.24601824,0,0,46,0,0.004334907,F,0.173913043,E,0.913460778,A,0,F,0.853174309,A,0.004334907,F,0.543686911,C,0.426587155,D
Fraser Coast,1.347140215,12,59.61356924,0,62.43332669,1,0,73,0,0.018453976,F,0.164383562,F,0.816624236,B,0,F,0.855251051,A,0.018453976,F,0.490503899,D,0.427625525,D
Fremantle,0.492831812,8,29.3787621,0,24.37860947,0,0,31,0,0.0158978,F,0.258064516,E,0.947702003,A,0,F,0.786406757,B,0.0158978,F,0.60288326,C,0.393203378,D
Gannawarra,0.238977903,5,21.9326206,0,22.65809833,1,0,30,0,0.00796593,F,0.166666667,F,0.731087353,B,0,F,0.755269944,B,0.00796593,F,0.44887701,D,0.377634972,D
Gawler,0.082058543,1,7.714186899,0,10.67477982,0,0,12,0,0.006838212,F,0.083333333,F,0.642848908,C,0,F,0.889564985,A,0.006838212,F,0.363091121,D,0.444782493,D
George Town,1.485642691,9,42.34606613,0,39.1873994,0,0,45,0,0.033014282,F,0.2,E,0.941023692,A,0,F,0.870831098,A,0.033014282,F,0.570511846,C,0.435415549,D
Georges River,0.2875206,12,54.70628728,0,52.74983381,1,0,62,0,0.004637429,F,0.193548387,E,0.882359472,A,0,F,0.850803771,A,0.004637429,F,0.53795393,C,0.425401886,D
Gilgandra,0.197852107,4,17.78476237,0,18.20849124,1,0,21,0,0.009421529,F,0.19047619,E,0.846893446,A,0,F,0.867071012,A,0.009421529,F,0.518684818,C,0.433535506,D
Gingin,0.247527419,8,32.34259584,0,43.71113396,2,0,52,0,0.004760143,F,0.153846154,F,0.621972997,C,0,F,0.84059873,A,0.004760143,F,0.387909575,D,0.420299365,D
Gladstone,0.275040538,11,54.01522891,0,59.23363945,1,0,69,0,0.003986095,F,0.15942029,F,0.782829405,B,0,F,0.858458543,A,0.003986095,F,0.471124847,D,0.429229271,D
Glamorgan-Spring Bay,0.596088379,20,52.12906816,1,60.2199059,0,0,71,1,0.008395611,F,0.281690141,E,0.734212228,B,0.013888889,F,0.836387582,A,0.008395611,F,0.507951184,C,0.425138235,D
Glen Eira,0.150199434,6,21.30655339,0,20.59617789,0,0,24,0,0.00625831,F,0.25,E,0.887773058,A,0,F,0.858174079,A,0.00625831,F,0.568886529,C,0.429087039,D
Glen Innes Severn,1.734980022,9,49.29008954,0,55.24610919,2,0,64,0,0.027109063,F,0.140625,F,0.770157649,B,0,F,0.863220456,A,0.027109063,F,0.455391325,D,0.431610228,D
Glenelg,0.298462494,12,61.7019289,0,62.61261304,0,0,73,0,0.004088527,F,0.164383562,F,0.845231903,A,0,F,0.857707028,A,0.004088527,F,0.504807732,C,0.428853514,D
Glenorchy,1.545580936,12,38.31807432,1,41.98725709,0,0,50,1,0.030911619,F,0.24,E,0.766361486,B,0.019607843,F,0.823279551,B,0.030911619,F,0.503180743,C,0.421443697,D
Gnowangerup,0.612929348,7,46.16361717,0,42.89404875,3,0,56,0,0.010945167,F,0.125,F,0.824350307,B,0,F,0.765965156,B,0.010945167,F,0.474675153,D,0.382982578,D
Gold Coast,2.391463763,14,78.94352186,0,86.13268186,1,0,102,0,0.023445723,F,0.137254902,F,0.773956097,B,0,F,0.844438057,A,0.023445723,F,0.455605499,D,0.422219029,D
Golden Plains,0.123706839,9,27.70048818,0,33.00011778,0,0,40,0,0.003092671,F,0.225,E,0.692512205,B,0,F,0.825002944,B,0.003092671,F,0.458756102,D,0.412501472,D
Goomalling,0.498288228,2,10.47680689,0,16.77420043,0,0,21,0,0.023728011,F,0.095238095,F,0.498895566,D,0,F,0.798771449,B,0.023728011,F,0.297066831,E,0.399385725,D
Goondiwindi,0.100850116,6,27.5577541,0,37.94612849,1,0,43,0,0.002345352,F,0.139534884,F,0.640878002,C,0,F,0.882468104,A,0.002345352,F,0.390206443,D,0.441234052,D
Gosnells,0.306221907,4,19.60122382,0,28.44891613,3,0,37,0,0.008276268,F,0.108108108,F,0.529762806,C,0,F,0.768889625,B,0.008276268,F,0.318935457,E,0.384444813,D
Goulburn Mulwaree,1.332713899,10,47.0701173,0,50.49146362,2,0,61,0,0.021847769,F,0.163934426,F,0.771641267,B,0,F,0.827728912,B,0.021847769,F,0.467787847,D,0.413864456,D
Goyder,0.049481956,4,11.46254471,0,17.04999673,0,0,20,0,0.002474098,F,0.2,E,0.573127235,C,0,F,0.852499837,A,0.002474098,F,0.386563618,D,0.426249918,D
Grant,0.220213839,10,53.25643413,0,49.55014657,0,0,58,0,0.00379679,F,0.172413793,E,0.918214381,A,0,F,0.854312872,A,0.00379679,F,0.545314087,C,0.427156436,D
Greater Bendigo,0.118963757,5,25.24970932,0,28.53334729,0,0,36,0,0.003304549,F,0.138888889,F,0.701380814,B,0,F,0.79259298,B,0.003304549,F,0.420134852,D,0.39629649,D
Greater Dandenong,0.19940573,8,39.25080156,0,34.52926378,0,0,41,0,0.004863554,F,0.195121951,E,0.957336623,A,0,F,0.842177165,A,0.004863554,F,0.576229287,C,0.421088583,D
Greater Geelong,0.390320258,12,49.32436252,0,49.32089032,0,0,60,0,0.006505338,F,0.2,E,0.822072709,B,0,F,0.822014839,B,0.006505338,F,0.511036354,C,0.411007419,D
Greater Geraldton,0.218330273,8,29.18767792,0,34.14487875,1,0,43,0,0.005077448,F,0.186046512,E,0.678783207,B,0,F,0.794066948,B,0.005077448,F,0.43241486,D,0.397033474,D
Greater Hume Shire,0.184494001,8,24.44871221,0,28.40403084,1,0,34,0,0.005426294,F,0.235294118,E,0.719079771,B,0,F,0.835412672,A,0.005426294,F,0.477186944,D,0.417706336,D
Greater Shepparton,0.118719227,4,18.88329903,0,20.80827074,0,0,27,0,0.004397008,F,0.148148148,F,0.699381446,B,0,F,0.770676694,B,0.004397008,F,0.423764797,D,0.385338347,D
Griffith,0.125413332,2,12.53262873,0,11.60401808,2,0,15,0,0.008360889,F,0.133333333,F,0.835508582,A,0,F,0.773601206,B,0.008360889,F,0.484420958,D,0.386800603,D
Gunnedah,0.082247276,5,22.50548077,0,22.69598944,1,0,28,0,0.002937403,F,0.178571429,E,0.80376717,B,0,F,0.810571052,B,0.002937403,F,0.491169299,D,0.405285526,D
Gwydir,0.10389344,7,24.94412777,0,30.93819734,1,0,34,0,0.003055689,F,0.205882353,E,0.733650817,B,0,F,0.909946981,A,0.003055689,F,0.469766585,D,0.45497349,D
Gympie,1.412272146,15,70.43716086,0,75.55441199,1,0,89,0,0.015868226,F,0.168539326,E,0.791428774,B,0,F,0.848925977,A,0.015868226,F,0.47998405,D,0.424462989,D
Halls Creek,0.003045241,2,14.92159896,0,13.06246647,0,0,15,0,0.000203016,F,0.133333333,F,0.994773264,A,0,F,0.870831098,A,0.000203016,F,0.564053299,C,0.435415549,D
Harvey,0.590937124,10,36.87347788,0,36.78254936,1,0,47,0,0.01257313,F,0.212765957,E,0.784542083,B,0,F,0.782607433,B,0.01257313,F,0.49865402,D,0.391303717,D
Hawkesbury,1.565898484,15,70.37722245,0,73.57526795,1,0,84,0,0.018641649,F,0.178571429,E,0.837824077,A,0,F,0.875896047,A,0.018641649,F,0.508197753,C,0.437948024,D
Hay,0.12714827,3,12.57589399,0,15.20016914,0,0,17,0,0.00747931,F,0.176470588,E,0.73975847,B,0,F,0.894127597,A,0.00747931,F,0.458114529,D,0.447063798,D
Hepburn,0.189435027,9,28.85856298,0,28.90399878,0,0,36,0,0.005262084,F,0.25,E,0.801626749,B,0,F,0.802888855,B,0.005262084,F,0.525813375,C,0.401444428,D
Hilltops,0.154725672,7,19.96757472,0,21.4788761,1,0,26,0,0.005950987,F,0.269230769,E,0.767983643,B,0,F,0.826110619,B,0.005950987,F,0.518607206,C,0.41305531,D
Hinchinbrook,1.390308,10,48.43842587,0,47.28312745,1,0,54,0,0.025746444,F,0.185185185,E,0.897007886,A,0,F,0.875613471,A,0.025746444,F,0.541096536,C,0.437806736,D
Hindmarsh,0.327352506,6,27.41121591,0,30.98308262,0,0,37,0,0.008847365,F,0.162162162,F,0.740843673,B,0,F,0.837380611,A,0.008847365,F,0.451502918,D,0.418690306,D
Hobart,0.545580936,11,37.80680768,1,38.49969477,0,0,47,1,0.011608105,F,0.234042553,E,0.804400163,B,0.020833333,F,0.802076974,B,0.011608105,F,0.519221358,C,0.411455154,D
Hobsons Bay,0.202927674,9,38.44979816,0,36.87905931,0,0,46,0,0.004411471,F,0.195652174,E,0.835865177,A,0,F,0.801718681,B,0.004411471,F,0.515758676,C,0.40085934,D
Holdfast Bay,0.18703223,4,27.3365232,0,26.74556839,0,0,31,0,0.006033298,F,0.129032258,F,0.881823329,A,0,F,0.862760271,A,0.006033298,F,0.505427794,C,0.431380135,D
Hope Vale,0.071747741,7,28.62743416,0,26.73348961,0,0,31,0,0.002314443,F,0.225806452,E,0.923465618,A,0,F,0.862370633,A,0.002314443,F,0.574636035,C,0.431185316,D
Hornsby,1.873632097,13,67.99009331,0,69.35848143,1,0,81,0,0.02313126,F,0.160493827,F,0.839383868,A,0,F,0.856277549,A,0.02313126,F,0.499938848,D,0.428138774,D
Horsham,0.29925021,8,41.76796122,0,45.9161044,0,0,58,0,0.005159486,F,0.137931034,F,0.720137262,B,0,F,0.791656972,B,0.005159486,F,0.429034148,D,0.395828486,D
Hume,0.277543958,9,25.07118862,0,27.60410904,0,0,33,0,0.008410423,F,0.272727273,E,0.759732989,B,0,F,0.836488153,A,0.008410423,F,0.516230131,C,0.418244076,D
Hunters Hill,0.225686967,11,46.86524002,0,41.71648128,1,0,50,0,0.004513739,F,0.22,E,0.9373048,A,0,F,0.834329626,A,0.004513739,F,0.5786524,C,0.417164813,D
Huon Valley,1.481859687,19,44.22232122,1,43.53713081,0,0,55,1,0.026942903,F,0.345454545,D,0.804042204,B,0.017857143,F,0.777448764,B,0.026942903,F,0.574748375,C,0.397652954,D
Indigo,0.293414975,7,28.39066641,0,29.88320694,1,0,37,0,0.007930134,F,0.189189189,E,0.767315308,B,0,F,0.807654242,B,0.007930134,F,0.478252249,D,0.403827121,D
Inner West,0.225686967,11,45.88039317,0,40.55798677,1,0,49,0,0.004605856,F,0.224489796,E,0.936334555,A,0,F,0.827714016,B,0.004605856,F,0.580412175,C,0.413857008,D
Inverell,0.119966975,7,36.44516727,0,44.94198085,2,0,52,0,0.002307057,F,0.134615385,F,0.700868601,B,0,F,0.864268863,A,0.002307057,F,0.417741993,D,0.432134431,D
Ipswich,1.254318046,13,45.38814144,0,45.08337609,1,0,54,0,0.023228112,F,0.240740741,E,0.840521138,A,0,F,0.834877335,A,0.023228112,F,0.540630939,C,0.417438667,D
Irwin,0.146806411,8,17.96625114,0,19.35325221,0,0,24,0,0.006116934,F,0.333333333,D,0.748593798,B,0,F,0.806385509,B,0.006116934,F,0.540963565,C,0.403192754,D
Isaac,0.124720818,10,42.20636863,0,50.420766,1,0,60,0,0.00207868,F,0.166666667,F,0.703439477,B,0,F,0.8403461,A,0.00207868,F,0.435053072,D,0.42017305,D
Jerramungup,0.227676865,10,36.59190453,1,35.55342135,0,0,41,1,0.005553094,F,0.243902439,E,0.892485476,A,0.023809524,F,0.846510032,A,0.005553094,F,0.568193958,C,0.435159778,D
Joondalup,0.460718774,8,25.3918129,0,23.07871972,1,0,28,0,0.016454242,F,0.285714286,E,0.906850461,A,0,F,0.82423999,B,0.016454242,F,0.596282373,C,0.412119995,D
Junee,0.15635148,3,15.35275406,0,16.25007492,1,0,19,0,0.008229025,F,0.157894737,F,0.808039687,B,0,F,0.855267101,A,0.008229025,F,0.482967212,D,0.427633551,D
Kalamunda,0.306221907,4,18.78160669,0,29.65738055,3,0,36,0,0.008506164,F,0.111111111,F,0.521711297,C,0,F,0.823816126,B,0.008506164,F,0.316411204,E,0.411908063,D
Kalgoorlie-Boulder,0.040234657,1,5.358023321,0,5.945946585,0,0,7,0,0.005747808,F,0.142857143,F,0.765431903,B,0,F,0.849420941,A,0.005747808,F,0.454144523,D,0.42471047,D
Kangaroo Island,2.740429195,14,45.7634349,0,46.74526839,0,0,54,0,0.050748689,F,0.259259259,E,0.847471017,A,0,F,0.865653118,A,0.050748689,F,0.553365138,C,0.432826559,D
Karoonda East Murray,1.054302639,5,11.64654426,0,11.2833365,0,0,13,0,0.081100203,F,0.384615385,D,0.89588802,A,0,F,0.867948961,A,0.081100203,F,0.640251702,C,0.433974481,D
Karratha,0.166231713,8,24.71619793,0,21.7874789,0,0,28,0,0.005936847,F,0.285714286,E,0.882721355,A,0,F,0.778124246,B,0.005936847,F,0.58421782,C,0.389062123,D
Katanning,0.053207479,1,8.18095462,0,10.88687268,0,0,15,0,0.003547165,F,0.066666667,F,0.545396975,C,0,F,0.725791512,B,0.003547165,F,0.306031821,E,0.362895756,D
Katherine,0.556860867,2,12,0,11.39192523,0,0,12,0,0.046405072,F,0.166666667,F,1,A,0,F,0.949327103,A,0.046405072,F,0.583333333,C,0.474663551,D
Kellerberrin,0.104812844,3,9.989218544,0,13.46592446,2,0,18,0,0.005822936,F,0.166666667,F,0.554956586,C,0,F,0.748106914,B,0.005822936,F,0.360811626,D,0.374053457,D
Kempsey,1.772819062,13,68.46481946,0,62.1454516,2,0,74,0,0.023957014,F,0.175675676,E,0.925200263,A,0,F,0.8398034,A,0.023957014,F,0.550437969,C,0.4199017,D
Kent,0.27585026,4,18.3622362,0,20.15317402,0,0,25,0,0.01103401,F,0.16,F,0.734489448,B,0,F,0.806126961,B,0.01103401,F,0.447244724,D,0.40306348,D
Kentish,1.380669004,11,19.31092092,0,18.97052194,0,0,24,0,0.057527875,F,0.458333333,D,0.804621705,B,0,F,0.790438414,B,0.057527875,F,0.631477519,C,0.395219207,D
Kiama,1.291886351,15,64.08104816,0,58.58719166,1,0,70,0,0.018455519,F,0.214285714,E,0.915443545,A,0,F,0.836959881,A,0.018455519,F,0.56486463,C,0.41847994,D
Kimba,1.040349132,0,14.7820026,0,15.75010698,0,0,17,0,0.061197008,F,0,F,0.869529564,A,0,F,0.926476881,A,0.061197008,F,0.434764782,D,0.463238441,D
King Island,0.762746816,8,33.85329538,0,31.5916393,0,0,38,0,0.020072285,F,0.210526316,E,0.890876194,A,0,F,0.831358929,B,0.020072285,F,0.550701255,C,0.415679464,D
Kingborough,0.545580936,15,40.95720279,1,40.59950632,0,0,51,1,0.010697665,F,0.294117647,E,0.803082408,B,0.019230769,F,0.780759737,B,0.010697665,F,0.548600027,C,0.399995253,D
Kingston (SA),0.250558046,10,46.74389961,0,45.08337609,0,0,54,0,0.004639964,F,0.185185185,E,0.865627771,A,0,F,0.834877335,A,0.004639964,F,0.525406478,C,0.417438667,D
Kingston (Vic.),0.232855555,8,42.25080156,0,37.46688826,0,0,44,0,0.005292172,F,0.181818182,E,0.96024549,A,0,F,0.851520188,A,0.005292172,F,0.571031836,C,0.425760094,D
Knox,0.224354452,5,24.31130349,0,22.8752758,0,0,28,0,0.008012659,F,0.178571429,E,0.868260839,A,0,F,0.816974136,B,0.008012659,F,0.523416134,C,0.408487068,D
Kojonup,0.661102742,4,12.22826518,0,18.11198129,0,0,22,0,0.030050125,F,0.181818182,E,0.555830235,C,0,F,0.823271877,B,0.030050125,F,0.368824209,D,0.411635939,D
Kondinin,0.194979806,3,12.95791897,0,18.00339256,0,0,23,0,0.008477383,F,0.130434783,F,0.563387781,C,0,F,0.782756198,B,0.008477383,F,0.346911282,D,0.391378099,D
Koorda,0.042686385,2,8.004189488,0,11.43681052,0,0,15,0,0.002845759,F,0.133333333,F,0.533612633,C,0,F,0.762454035,B,0.002845759,F,0.333472983,D,0.381227017,D
Kowanyama,0.071523862,9,17.80285116,0,14.36235622,0,0,18,0,0.003973548,F,0.5,C,0.989047287,A,0,F,0.797908679,B,0.003973548,F,0.744523643,B,0.398954339,D
Ku-ring-gai,0.722348649,13,55.98453982,0,54.9582341,1,0,65,0,0.011113056,F,0.2,E,0.861300613,A,0,F,0.845511294,A,0.011113056,F,0.530650306,C,0.422755647,D
Kulin,0.487367354,2,12.01099282,0,16.27423249,0,0,19,0,0.025650913,F,0.105263158,F,0.632157517,C,0,F,0.856538552,A,0.025650913,F,0.368710337,D,0.428269276,D
Kwinana,0.542763729,8,32.88125574,0,28.91607757,0,0,36,0,0.01507677,F,0.222222222,E,0.913368215,A,0,F,0.803224377,B,0.01507677,F,0.567795219,C,0.401612188,D
Kyogle,1.855629355,9,58.09282733,0,62.91256691,2,0,72,0,0.02577263,F,0.125,F,0.806844824,B,0,F,0.873785652,A,0.02577263,F,0.465922412,D,0.436892826,D
Lachlan,0.153146582,3,15.95343369,0,17.47926705,1,0,21,0,0.007292694,F,0.142857143,F,0.759687319,B,0,F,0.83234605,B,0.007292694,F,0.451272231,D,0.416173025,D
Lake Grace,0.720531228,4,21.78483665,0,26.71975606,0,0,33,0,0.02183428,F,0.121212121,F,0.660146565,C,0,F,0.809689578,B,0.02183428,F,0.390679343,D,0.404844789,D
Lake Macquarie,2.04805308,14,60.70655586,0,57.51312831,1,0,68,0,0.030118428,F,0.205882353,E,0.892743468,A,0,F,0.845781299,A,0.030118428,F,0.549312911,C,0.422890649,D
Lane Cove,0.225686967,11,47.20263158,0,43.49561125,1,0,52,0,0.004340134,F,0.211538462,E,0.907742915,A,0,F,0.836454063,A,0.004340134,F,0.559640688,C,0.418227031,D
Latrobe (Tas.),2.200598713,14,39.49302168,0,39.0874596,0,0,49,0,0.044910178,F,0.285714286,E,0.805980034,B,0,F,0.797703257,B,0.044910178,F,0.54584716,C,0.398851629,D
Latrobe (Vic.),0.240175697,4,22.32477318,0,22.37530786,0,0,26,0,0.009237527,F,0.153846154,F,0.858645122,A,0,F,0.860588764,A,0.009237527,F,0.506245638,C,0.430294382,D
Launceston,1.380669004,17,36.99340469,0,39.75806496,0,0,48,0,0.028763938,F,0.354166667,D,0.770695931,B,0,F,0.82829302,B,0.028763938,F,0.562431299,C,0.41414651,D
Laverton,0.043473909,0,7.719410138,0,7.475092586,0,0,8,0,0.005434239,F,0,F,0.964926267,A,0,F,0.934386573,A,0.005434239,F,0.482463134,D,0.467193287,D
Leeton,0.127544616,2,11.71333291,0,12.15395592,1,0,15,0,0.008502974,F,0.133333333,F,0.780888861,B,0,F,0.810263728,B,0.008502974,F,0.457111097,D,0.405131864,D
Leonora,0.039444431,0,4.002954228,0,4.537468103,0,0,5,0,0.007888886,F,0,F,0.800590846,B,0,F,0.907493621,A,0.007888886,F,0.400295423,D,0.45374681,D
Light,0.130694238,2,9.800558229,0,15.28294554,0,0,18,0,0.007260791,F,0.111111111,F,0.544475457,C,0,F,0.84905253,A,0.007260791,F,0.327793284,E,0.424526265,D
Lismore,1.853667106,13,65.74498034,0,71.16176897,1,0,83,0,0.022333339,F,0.156626506,F,0.792108197,B,0,F,0.857370711,A,0.022333339,F,0.474367351,D,0.428685355,D
Litchfield,0.136434457,9,33.05729955,0,31.78300443,1,0,38,0,0.00359038,F,0.236842105,E,0.869928936,A,0,F,0.836394854,A,0.00359038,F,0.55338552,C,0.418197427,D
Lithgow,2.46324769,10,58.24037414,0,61.56270726,2,0,71,0,0.034693629,F,0.14084507,F,0.82028696,B,0,F,0.867080384,A,0.034693629,F,0.480566015,D,0.433540192,D
Liverpool,0.350023291,13,49.99207086,0,50.97070384,1,0,60,0,0.005833722,F,0.216666667,E,0.833201181,B,0,F,0.849511731,A,0.005833722,F,0.524933924,C,0.424755865,D
Liverpool Plains,0.212874915,8,27.06252975,0,27.16275993,1,0,32,0,0.006652341,F,0.25,E,0.845704055,A,0,F,0.848836248,A,0.006652341,F,0.547852027,C,0.424418124,D
Livingstone,0.16816232,9,36.50824329,0,43.96277269,1,0,51,0,0.0032973,F,0.176470588,E,0.715847908,B,0,F,0.862015151,A,0.0032973,F,0.446159248,D,0.431007575,D
Lockhart,0.15501055,4,14.48420833,0,17.12069435,1,0,21,0,0.007381455,F,0.19047619,E,0.689724206,B,0,F,0.815271159,B,0.007381455,F,0.440100198,D,0.40763558,D
Lockhart River,0.315373929,7,46.77565491,2,44.74565934,0,0,49,2,0.006436203,F,0.142857143,F,0.954605202,A,0.039215686,F,0.87736587,A,0.006436203,F,0.548731173,C,0.458290778,D
Lockyer Valley,1.296840132,8,42.68883471,0,46.90039717,1,0,54,0,0.024015558,F,0.148148148,F,0.790533976,B,0,F,0.868525874,A,0.024015558,F,0.469341062,D,0.434262937,D
Loddon,0.157014315,7,30.3944392,0,35.82915353,0,0,44,0,0.003568507,F,0.159090909,F,0.690782709,B,0,F,0.814298944,B,0.003568507,F,0.424936809,D,0.407149472,D
Logan,1.300622539,13,53.09144229,0,54.08761467,1,0,63,0,0.020644802,F,0.206349206,E,0.842721306,A,0,F,0.858533566,A,0.020644802,F,0.524535256,C,0.429266783,D
Longreach,0.004921132,1,13.83709347,0,15.45015311,1,0,18,0,0.000273396,F,0.055555556,F,0.768727415,B,0,F,0.858341839,A,0.000273396,F,0.412141485,D,0.42917092,D
Lower Eyre Peninsula,0.224664683,6,36.88938965,0,39.52015978,0,0,47,0,0.0047801,F,0.127659574,F,0.784880631,B,0,F,0.840854463,A,0.0047801,F,0.456270103,D,0.420427232,D
Loxton Waikerie,1.23014216,7,18.33334536,0,16.39147016,0,0,21,0,0.058578198,F,0.333333333,D,0.873016446,A,0,F,0.780546198,B,0.058578198,F,0.60317489,C,0.390273099,D
MacDonnell,0.916504696,4,19.80454254,0,25.86287018,0,0,29,0,0.03160361,F,0.137931034,F,0.68291526,B,0,F,0.89182311,A,0.03160361,F,0.410423147,D,0.445911555,D
Macedon Ranges,0.195431343,10,30.25874606,0,31.41235295,0,0,38,0,0.00514293,F,0.263157895,E,0.796282791,B,0,F,0.826640867,B,0.00514293,F,0.529720343,C,0.413320433,D
Mackay,0.085466784,9,35.92639095,1,39.0168261,1,0,44,1,0.001942427,F,0.204545455,E,0.816508885,B,0.022222222,F,0.86704058,A,0.001942427,F,0.51052717,C,0.444631401,D
Maitland,1.267611748,13,51.49935552,0,47.15038114,1,0,55,0,0.023047486,F,0.236363636,E,0.936351919,A,0,F,0.857279657,A,0.023047486,F,0.586357777,C,0.428639829,D
Mandurah,0.906574244,9,32.50013475,0,28.11615576,0,0,35,0,0.025902121,F,0.257142857,E,0.928575279,A,0,F,0.803318736,B,0.025902121,F,0.592859068,C,0.401659368,D
Manjimup,0.915753728,9,39.84619854,0,37.44107593,1,0,46,0,0.01990769,F,0.195652174,E,0.866221707,A,0,F,0.813936433,B,0.01990769,F,0.530936941,C,0.406968217,D
Manningham,0.314073468,7,22.94842818,0,24.8457709,0,0,30,0,0.010469116,F,0.233333333,E,0.764947606,B,0,F,0.828192363,B,0.010469116,F,0.49914047,D,0.414096182,D
Mansfield,1.355405503,6,29.94415714,0,29.70392059,0,0,37,0,0.036632581,F,0.162162162,F,0.809301544,B,0,F,0.802808665,B,0.036632581,F,0.485731853,D,0.401404332,D
Mapoon,0.071523862,9,19.80285116,0,18.13779363,0,0,20,0,0.003576193,F,0.45,D,0.990142558,A,0,F,0.906889681,A,0.003576193,F,0.720071279,B,0.453444841,D
Maralinga Tjarutja,0.040234657,1,7,0,6.495884425,0,0,7,0,0.005747808,F,0.142857143,F,1,A,0,F,0.927983489,A,0.005747808,F,0.571428571,C,0.463991745,D
Maranoa,0.015848817,3,25.70990367,0,32.10877064,1,0,35,0,0.000452823,F,0.085714286,F,0.734568676,B,0,F,0.917393447,A,0.000452823,F,0.410141481,D,0.458696723,D
Mareeba,1.59154369,10,83.76166953,0,82.23657693,1,0,101,0,0.015757858,F,0.099009901,F,0.829323461,B,0,F,0.814223534,B,0.015757858,F,0.464166681,D,0.407111767,D
Maribyrnong,0.195125061,8,33.60071763,0,33.44146689,0,0,41,0,0.004759148,F,0.195121951,E,0.819529698,B,0,F,0.815645534,B,0.004759148,F,0.507325825,C,0.407822767,D
Marion,0.18703223,4,28.3365232,0,27.5454902,0,0,32,0,0.005844757,F,0.125,F,0.88551635,A,0,F,0.860796569,A,0.005844757,F,0.505258175,C,0.430398284,D
Maroondah,0.225086238,6,23.0335569,0,21.89606763,0,0,27,0,0.008336527,F,0.222222222,E,0.8530947,A,0,F,0.810965468,B,0.008336527,F,0.537658461,C,0.405482734,D
McKinlay,3.36E-05,1,6.400243491,0,7.475092586,0,0,8,0,4.20E-06,F,0.125,F,0.800030436,B,0,F,0.934386573,A,4.20E-06,F,0.462515218,D,0.467193287,D
Meander Valley,1.387673851,17,26.30936834,0,29.89528573,0,0,37,0,0.037504699,F,0.459459459,D,0.711064009,B,0,F,0.807980695,B,0.037504699,F,0.585261734,C,0.403990348,D
Meekatharra,0.042456064,0,11.86575018,0,10.66270104,0,0,12,0,0.003538005,F,0,F,0.988812515,A,0,F,0.88855842,A,0.003538005,F,0.494406257,D,0.44427921,D
Melbourne,0.192359199,8,37.35194659,0,36.55837772,0,0,44,0,0.0043718,F,0.181818182,E,0.848907877,A,0,F,0.830872221,B,0.0043718,F,0.515363029,C,0.41543611,D
Melton,0.123706839,8,23.95014101,0,25.89567668,0,0,32,0,0.003865839,F,0.25,E,0.748441907,B,0,F,0.809239896,B,0.003865839,F,0.499220953,D,0.404619948,D
Melville,0.532242636,8,30.92559962,0,26.40772341,0,0,34,0,0.015654195,F,0.235294118,E,0.90957646,A,0,F,0.776697747,B,0.015654195,F,0.572435289,C,0.388348874,D
Menzies,0.144354682,1,9.013608089,0,10.30412834,0,0,12,0,0.012029557,F,0.083333333,F,0.751134007,B,0,F,0.858677361,A,0.012029557,F,0.41723367,D,0.429338681,D
Merredin,0.042686385,1,7.757394129,0,11.7246856,0,0,14,0,0.003049028,F,0.071428571,F,0.554099581,C,0,F,0.837477543,A,0.003049028,F,0.312764076,E,0.418738772,D
Mid Murray,1.641228171,9,29.81256165,0,33.01219656,0,0,40,0,0.041030704,F,0.225,E,0.745314041,B,0,F,0.825304914,B,0.041030704,F,0.485157021,D,0.412652457,D
Mid-Coast,1.886554945,15,76.72756757,0,76.97496925,2,0,91,0,0.020731373,F,0.164835165,F,0.843160083,A,0,F,0.845878783,A,0.020731373,F,0.503997624,C,0.422939392,D
Mid-Western Regional,1.202136144,8,39.19498779,0,44.87128323,1,0,51,0,0.023571297,F,0.156862745,F,0.768529172,B,0,F,0.879829083,A,0.023571297,F,0.462695959,D,0.439914542,D
Mildura,1.305821761,6,25.24107407,0,24.29583306,1,0,30,0,0.043527392,F,0.2,E,0.841369136,A,0,F,0.809861102,B,0.043527392,F,0.520684568,C,0.404930551,D
Mingenew,0.347024323,4,7.583178681,0,15.00714924,0,0,19,0,0.018264438,F,0.210526316,E,0.399114667,D,0,F,0.78984996,B,0.018264438,F,0.304820492,E,0.39492498,D
Mitcham,0.176611309,1,16.79773342,0,19.09118946,0,0,23,0,0.007678753,F,0.043478261,F,0.730336236,B,0,F,0.830051715,B,0.007678753,F,0.386907248,D,0.415025858,D
Mitchell,0.319428568,10,37.05038393,0,38.95814315,0,0,47,0,0.006796353,F,0.212765957,E,0.788306041,B,0,F,0.828896663,B,0.006796353,F,0.500535999,C,0.414448331,D
Moira,0.242032513,6,20.71408236,0,22.29952562,1,0,30,0,0.00806775,F,0.2,E,0.690469412,B,0,F,0.743317521,B,0.00806775,F,0.445234706,D,0.37165876,D
Monash,0.154260865,6,24.25561088,0,22.62529183,0,0,27,0,0.005713365,F,0.222222222,E,0.898355959,A,0,F,0.837973771,A,0.005713365,F,0.56028909,C,0.418986886,D
Moonee Valley,0.120835337,5,18.57555628,0,19.32909464,0,0,24,0,0.005034806,F,0.208333333,E,0.773981511,B,0,F,0.805378943,B,0.005034806,F,0.491157422,D,0.402689472,D
Moora,0.042686385,2,13.05984236,0,29.38158425,1,0,37,0,0.001153686,F,0.054054054,F,0.352968712,D,0,F,0.794096872,B,0.001153686,F,0.203511383,E,0.397048436,D
Moorabool,0.130831778,9,27.87420155,0,29.81250933,0,0,36,0,0.003634216,F,0.25,E,0.774283376,B,0,F,0.828125259,B,0.003634216,F,0.512141688,C,0.41406263,D
Morawa,0.242904297,3,8.739357665,0,12.845289,1,0,17,0,0.014288488,F,0.176470588,E,0.514079863,C,0,F,0.755605235,B,0.014288488,F,0.345275225,D,0.377802618,D
Moree Plains,0.107567975,3,16.01339453,0,20.09620995,1,0,22,0,0.004889453,F,0.136363636,F,0.72788157,B,0,F,0.913464089,A,0.004889453,F,0.432122603,D,0.456732044,D
Moreland,0.123601199,7,19.62746101,0,21.28751096,0,0,26,0,0.004753892,F,0.269230769,E,0.754902347,B,0,F,0.818750422,B,0.004753892,F,0.512066558,C,0.409375211,D
Moreton Bay,1.300027859,13,65.06063469,0,61.69202371,1,0,73,0,0.017808601,F,0.178082192,E,0.891241571,A,0,F,0.845096215,A,0.017808601,F,0.534661881,C,0.422548108,D
Mornington,0.071523862,9,17.80285116,0,14.54164257,0,0,18,0,0.003973548,F,0.5,C,0.989047287,A,0,F,0.807869032,B,0.003973548,F,0.744523643,B,0.403934516,D
Mornington Peninsula,0.232855555,8,46.65388185,0,44.03347031,0,0,52,0,0.004477991,F,0.153846154,F,0.897190036,A,0,F,0.846797506,A,0.004477991,F,0.525518095,C,0.423398753,D
Mosman,1.2875206,12,50.38567534,0,46.18325177,1,0,54,0,0.023842974,F,0.222222222,E,0.933068062,A,0,F,0.855245403,A,0.023842974,F,0.577645142,C,0.427622702,D
Mosman Park,0.388711787,7,27.82970934,0,22.5994795,0,0,29,0,0.013403855,F,0.24137931,E,0.95964515,A,0,F,0.779292396,B,0.013403855,F,0.60051223,C,0.389646198,D
Mount Alexander,0.27877636,7,27.20278553,0,29.88320694,0,0,37,0,0.007534496,F,0.189189189,E,0.73521042,B,0,F,0.807654242,B,0.007534496,F,0.462199804,D,0.403827121,D
Mount Barker,0.145401506,1,19.79575103,0,25.10783366,0,0,31,0,0.004690371,F,0.032258065,F,0.638572614,C,0,F,0.809930118,B,0.004690371,F,0.335415339,D,0.404965059,D
Mount Gambier,0.103376107,3,12.38543686,0,10.37482595,0,0,13,0,0.007952008,F,0.230769231,E,0.952725912,A,0,F,0.798063535,B,0.007952008,F,0.591747572,C,0.399031767,D
Mount Isa,0.072530278,1,11.76840222,0,9.395617792,0,0,12,0,0.00604419,F,0.083333333,F,0.980700185,A,0,F,0.782968149,B,0.00604419,F,0.532016759,C,0.391484075,D
Mount Magnet,0.039410823,1,4,0,3.008322101,0,0,4,0,0.009852706,F,0.25,E,1,A,0,F,0.752080525,B,0.009852706,F,0.625,C,0.376040263,D
Mount Marshall,0.143530849,2,11.03849355,0,14.374435,0,0,18,0,0.007973936,F,0.111111111,F,0.613249642,C,0,F,0.798579722,B,0.007973936,F,0.362180376,D,0.399289861,D
Mount Remarkable,0.284948861,5,27.35268972,0,29.45393662,0,0,36,0,0.007915246,F,0.138888889,F,0.759796937,B,0,F,0.818164906,B,0.007915246,F,0.449342913,D,0.409082453,D
Moyne,0.376676009,16,57.9459684,0,61.89546763,0,0,73,0,0.005159945,F,0.219178082,E,0.793780389,B,0,F,0.847883118,A,0.005159945,F,0.506479236,C,0.423941559,D
Mukinbudin,0.146806411,2,11.73959056,0,14.55372135,0,0,18,0,0.008155912,F,0.111111111,F,0.652199476,C,0,F,0.808540075,B,0.008155912,F,0.381655293,D,0.404270038,D
Mundaring,0.239304517,5,17.19427344,0,22.39946543,1,0,26,0,0.00920402,F,0.192307692,E,0.661318209,C,0,F,0.861517901,A,0.00920402,F,0.426812951,D,0.430758951,D
Murchison,0.143530849,2,9.53037491,0,7.795774173,0,0,10,0,0.014353085,F,0.2,E,0.953037491,A,0,F,0.779577417,B,0.014353085,F,0.576518745,C,0.389788709,D
Murray,1.035618093,11,36.19251829,0,35.55335723,0,0,45,0,0.023013735,F,0.244444444,E,0.804278184,B,0,F,0.790074605,B,0.023013735,F,0.524361314,C,0.395037303,D
Murray Bridge,1.214312946,5,26.88561901,0,28.15404688,0,0,33,0,0.036797362,F,0.151515152,F,0.814715728,B,0,F,0.853152936,A,0.036797362,F,0.48311544,D,0.426576468,D
Murray River,1.170683236,6,27.44059437,0,30.31247727,1,0,38,0,0.030807454,F,0.157894737,F,0.722120905,B,0,F,0.79769677,B,0.030807454,F,0.440007821,D,0.398848385,D
Murrindindi,1.385221882,7,32.23469674,0,32.02090962,0,0,39,0,0.03551851,F,0.179487179,E,0.826530686,B,0,F,0.821048965,B,0.03551851,F,0.503008933,C,0.410524482,D
Murrumbidgee,0.136777825,3,13.28573802,0,14.91229406,1,0,18,0,0.007598768,F,0.166666667,F,0.738096557,B,0,F,0.828460781,B,0.007598768,F,0.452381612,D,0.41423039,D
Murweh,0.016580602,4,24.43374685,0,27.62992137,1,0,31,0,0.000534858,F,0.129032258,F,0.788185382,B,0,F,0.891287786,A,0.000534858,F,0.45860882,D,0.445643893,D
Muswellbrook,1.131400653,9,39.41587433,0,40.46313158,2,0,48,0,0.023570847,F,0.1875,E,0.821164049,B,0,F,0.842981908,A,0.023570847,F,0.504332024,C,0.421490954,D
Nambucca Valley,1.772819062,13,58.28829333,0,52.12919835,2,0,61,0,0.029062608,F,0.213114754,E,0.955545792,A,0,F,0.854577022,A,0.029062608,F,0.584330273,C,0.427288511,D
Nannup,0.47107276,8,30.19252822,0,31.03305253,0,0,35,0,0.013459222,F,0.228571429,E,0.862643663,A,0,F,0.886658644,A,0.013459222,F,0.545607546,C,0.443329322,D
Napranum,0.071747741,9,23.80285116,0,21.94603754,0,0,25,0,0.00286991,F,0.36,D,0.952114046,A,0,F,0.877841501,A,0.00286991,F,0.656057023,C,0.438920751,D
Naracoorte Lucindale,0.137667272,5,23.55864922,0,25.02505725,0,0,30,0,0.004588909,F,0.166666667,F,0.785288307,B,0,F,0.834168575,A,0.004588909,F,0.475977487,D,0.417084288,D
Narembeen,0.09085978,3,8.756286669,0,9.645601761,1,0,13,0,0.006989214,F,0.230769231,E,0.673560513,B,0,F,0.741969366,B,0.006989214,F,0.452164872,D,0.370984683,D
Narrabri,0.195802405,5,24.7684681,0,28.37122434,1,0,31,0,0.006316207,F,0.161290323,F,0.798982842,B,0,F,0.915200785,A,0.006316207,F,0.480136582,D,0.457600393,D
Narrandera,0.142609933,4,14.36588086,0,17.67063219,1,0,21,0,0.006790949,F,0.19047619,E,0.684089565,B,0,F,0.841458676,A,0.006790949,F,0.437282878,D,0.420729338,D
Narrogin,0.55977047,3,10.66682864,0,15.47431068,0,0,18,0,0.031098359,F,0.166666667,F,0.592601591,C,0,F,0.859683927,A,0.031098359,F,0.379634129,D,0.429841963,D
Narromine,0.229869911,4,17.081501,0,16.87071038,1,0,20,0,0.011493496,F,0.2,E,0.85407505,A,0,F,0.843535519,A,0.011493496,F,0.527037525,C,0.421767759,D
Nedlands,0.42812261,7,29.3787621,0,24.37860947,0,0,31,0,0.013810407,F,0.225806452,E,0.947702003,A,0,F,0.786406757,B,0.013810407,F,0.586754227,C,0.393203378,D
Newcastle,1.305216731,13,54.49638728,0,50.15870324,1,0,59,0,0.022122317,F,0.220338983,E,0.923667581,A,0,F,0.850147513,A,0.022122317,F,0.572003282,C,0.425073756,D
Ngaanyatjarraku,0.05399833,1,7,0,6.675170777,0,0,7,0,0.007714047,F,0.142857143,F,1,A,0,F,0.953595825,A,0.007714047,F,0.571428571,C,0.476797913,D
Nillumbik,0.407684375,8,27.93356981,0,30.36244717,0,0,36,0,0.011324566,F,0.222222222,E,0.775932495,B,0,F,0.84340131,A,0.011324566,F,0.499077359,D,0.421700655,D
Noosa,1.359447061,12,58.08804012,0,60.04564004,1,0,70,0,0.019420672,F,0.171428571,E,0.829829145,B,0,F,0.857794858,A,0.019420672,F,0.500628858,C,0.428897429,D
North Burnett,0.161561938,5,40.35830836,0,51.36716766,1,0,58,0,0.002785551,F,0.086206897,F,0.695832903,B,0,F,0.885640822,A,0.002785551,F,0.3910199,D,0.442820411,D
North Sydney,0.2875206,12,51.92470095,0,46.43323574,1,0,55,0,0.005227647,F,0.218181818,E,0.944085472,A,0,F,0.84424065,A,0.005227647,F,0.581133645,C,0.422120325,D
Northam,0.168248379,2,11.70193143,0,14.05375341,0,0,16,0,0.010515524,F,0.125,F,0.731370715,B,0,F,0.878359588,A,0.010515524,F,0.428185357,D,0.439179794,D
Northampton,0.280456731,9,28.11983698,0,29.96598335,0,0,38,0,0.00738044,F,0.236842105,E,0.73999571,B,0,F,0.788578509,B,0.00738044,F,0.488418908,D,0.394289255,D
Northern Areas,0.009339347,3,9.342888618,0,14.84159644,0,0,17,0,0.000549373,F,0.176470588,E,0.549581683,C,0,F,0.873035085,A,0.000549373,F,0.363026136,D,0.436517542,D
Northern Beaches,2.783047846,14,65.45437463,0,65.26236244,1,0,77,0,0.036143479,F,0.181818182,E,0.850056813,A,0,F,0.847563149,A,0.036143479,F,0.515937498,C,0.423781574,D
Northern Grampians,0.294049249,9,48.77212948,0,53.14121301,0,0,65,0,0.004523835,F,0.138461538,F,0.750340454,B,0,F,0.817557123,B,0.004523835,F,0.444400996,D,0.408778562,D
Northern Midlands,0.463360821,22,30.56112132,1,40.43229876,0,0,51,1,0.009085506,F,0.431372549,D,0.599237673,C,0.019230769,F,0.777544207,B,0.009085506,F,0.515305111,C,0.398387488,D
Northern Peninsula Area,0.315373929,7,24.27586956,0,23.79586512,0,0,28,0,0.011263355,F,0.25,E,0.866995341,A,0,F,0.849852326,A,0.011263355,F,0.558497671,C,0.424926163,D
Norwood Payneham and St Peters,0.081944068,1,9.220738903,0,12.27462344,0,0,14,0,0.005853148,F,0.071428571,F,0.658624207,C,0,F,0.876758817,A,0.005853148,F,0.365026389,D,0.438379409,D
Nungarin,0.042686385,1,7.452007936,0,10.38690474,0,0,13,0,0.003283568,F,0.076923077,F,0.57323138,C,0,F,0.798992672,B,0.003283568,F,0.325077228,E,0.399496336,D
Oberon,0.537213637,11,38.25348718,0,37.40826943,1,0,43,0,0.01249334,F,0.255813953,E,0.889615981,A,0,F,0.869959754,A,0.01249334,F,0.572714967,C,0.434979877,D
Onkaparinga,0.250375192,4,32.58379081,0,35.98262755,0,0,46,0,0.005442939,F,0.086956522,F,0.708343278,B,0,F,0.782231034,B,0.005442939,F,0.3976499,D,0.391115517,D
Orange,0.08923218,5,21.0779885,0,20.3083028,1,0,25,0,0.003569287,F,0.2,E,0.84311954,A,0,F,0.812332112,B,0.003569287,F,0.52155977,C,0.406166056,D
Orroroo Carrieton,0.010071132,2,7.921561761,0,8.954268686,0,0,11,0,0.000915557,F,0.181818182,E,0.720141978,B,0,F,0.814024426,B,0.000915557,F,0.45098008,D,0.407012213,D
Palm Island,0.075679601,7,14.80285116,0,12.88318012,1,0,15,0,0.005045307,F,0.466666667,D,0.986856744,A,0,F,0.858878674,A,0.005045307,F,0.726761705,B,0.429439337,D
Palmerston,0.071747741,9,27.85636049,0,24.77507329,0,0,29,0,0.00247406,F,0.310344828,E,0.960564155,A,0,F,0.854312872,A,0.00247406,F,0.635454491,C,0.427156436,D
Parkes,0.254761171,4,19.89786429,0,18.34988648,1,0,23,0,0.011076573,F,0.173913043,E,0.865124534,A,0,F,0.797821151,B,0.011076573,F,0.519518789,C,0.398910576,D
Paroo,0.088545732,1,10.52961624,0,12.51252863,1,0,15,0,0.005903049,F,0.066666667,F,0.701974416,B,0,F,0.834168575,A,0.005903049,F,0.384320541,D,0.417084288,D
Parramatta,0.267385634,12,51.7966202,0,50.17078203,1,0,59,0,0.00453196,F,0.203389831,E,0.877908817,A,0,F,0.850352238,A,0.00453196,F,0.540649324,C,0.425176119,D
Penrith,0.278690168,7,30.6952498,0,32.94149895,1,0,39,0,0.007145902,F,0.179487179,E,0.787057687,B,0,F,0.844653819,A,0.007145902,F,0.483272433,D,0.42232691,D
Peppermint Grove,0.388711787,7,27.82970934,0,22.5994795,0,0,29,0,0.013403855,F,0.24137931,E,0.95964515,A,0,F,0.779292396,B,0.013403855,F,0.60051223,C,0.389646198,D
Perenjori,0.045474139,3,14.2471113,0,15.81571998,1,0,23,0,0.001977136,F,0.130434783,F,0.619439622,C,0,F,0.687639999,B,0.001977136,F,0.374937202,D,0.34382,D
Perth,0.356598748,7,27.38023168,0,23.32870369,0,0,29,0,0.012296509,F,0.24137931,E,0.94414592,A,0,F,0.804438058,B,0.012296509,F,0.592762615,C,0.402219029,D
Peterborough,0.009224872,1,4.689747501,0,7.295806235,0,0,8,0,0.001153109,F,0.125,F,0.586218438,C,0,F,0.911975779,A,0.001153109,F,0.355609219,D,0.45598789,D
Pingelly,1.663890496,4,10.69467944,0,14.67438887,0,0,17,0,0.097875912,F,0.235294118,E,0.629098791,C,0,F,0.863199345,A,0.097875912,F,0.432196454,D,0.431599673,D
Plantagenet,0.765323664,7,48.30921403,0,47.98145469,3,0,61,0,0.01254629,F,0.114754098,F,0.791954328,B,0,F,0.786581224,B,0.01254629,F,0.453354213,D,0.393290612,D
Playford,0.248135171,5,34.58119825,0,37.01180561,0,0,45,0,0.005514115,F,0.111111111,F,0.768471072,B,0,F,0.822484569,B,0.005514115,F,0.439791092,D,0.411242285,D
Pormpuraaw,0.071523862,9,16.80285116,0,14.2916586,0,0,17,0,0.004207286,F,0.529411765,C,0.988403009,A,0,F,0.8406858,A,0.004207286,F,0.758907387,B,0.4203429,D
Port Adelaide Enfield,0.208609873,5,29.79337737,0,27.97476052,0,0,33,0,0.006321511,F,0.151515152,F,0.902829617,A,0,F,0.847720016,A,0.006321511,F,0.527172384,C,0.423860008,D
Port Augusta,0.314288552,2,23.32185647,0,22.38738664,0,0,26,0,0.012088021,F,0.076923077,F,0.89699448,A,0,F,0.861053332,A,0.012088021,F,0.486958778,D,0.430526666,D
Port Hedland,0.074569102,7,21.05299761,0,17.07072445,0,0,23,0,0.003242135,F,0.304347826,E,0.915347722,A,0,F,0.742205411,B,0.003242135,F,0.609847774,C,0.371102705,D
Port Lincoln,0.172879701,3,22.68251231,0,21.22889213,0,0,25,0,0.006915188,F,0.12,F,0.907300492,A,0,F,0.849155685,A,0.006915188,F,0.513650246,C,0.424577843,D
Port Macquarie-Hastings,1.772819062,14,63.44110105,0,58.94576436,2,0,70,0,0.025325987,F,0.2,E,0.906301444,A,0,F,0.842082348,A,0.025325987,F,0.553150722,C,0.421041174,D
Port Phillip,0.192359199,8,36.62611644,0,34.15861229,0,0,41,0,0.004691688,F,0.195121951,E,0.893319913,A,0,F,0.833136885,B,0.004691688,F,0.544220932,C,0.416568443,D
Port Pirie,0.284217075,4,23.58339446,0,25.94564658,0,0,30,0,0.009473903,F,0.133333333,F,0.786113149,B,0,F,0.864854886,A,0.009473903,F,0.459723241,D,0.432427443,D
Port Stephens,2.305216731,13,56.44785174,0,54.69617135,1,0,64,0,0.036019011,F,0.203125,E,0.881997683,A,0,F,0.854627677,A,0.036019011,F,0.542561342,C,0.427313839,D
Prospect,0.115393893,1,10.43743082,0,11.03335253,0,0,12,0,0.009616158,F,0.083333333,F,0.869785902,A,0,F,0.919446044,A,0.009616158,F,0.476559617,D,0.459723022,D
Pyrenees,0.12446247,9,30.68697334,0,34.86202415,0,0,43,0,0.002894476,F,0.209302326,E,0.713650543,B,0,F,0.810744748,B,0.002894476,F,0.461476434,D,0.405372374,D
Quairading,1.20893287,4,9.671736924,0,21.68232002,1,0,26,0,0.046497418,F,0.153846154,F,0.371989882,D,0,F,0.833935385,A,0.046497418,F,0.262918018,E,0.416967693,D
Queanbeyan-Palerang Regional,1.626751325,14,51.36890001,0,56.00813988,2,0,67,0,0.024279871,F,0.208955224,E,0.7667,B,0,F,0.835942386,A,0.024279871,F,0.487827612,D,0.417971193,D
Queenscliffe,0.23358734,9,40.17017482,0,34.40859626,0,0,42,0,0.005561603,F,0.214285714,E,0.956432734,A,0,F,0.819252292,B,0.005561603,F,0.585359224,C,0.409626146,D
Quilpie,0.004921132,1,14.50036901,0,16.25007492,1,0,19,0,0.000259007,F,0.052631579,F,0.763177316,B,0,F,0.855267101,A,0.000259007,F,0.407904448,D,0.427633551,D
Randwick,1.229748398,11,48.42592178,0,44.29553306,1,0,53,0,0.0232028,F,0.20754717,E,0.913696637,A,0,F,0.835764775,A,0.0232028,F,0.560621904,C,0.417882387,D
Ravensthorpe,0.743881695,19,46.54642763,1,46.19031006,0,0,55,1,0.013525122,F,0.345454545,D,0.846298684,A,0.017857143,F,0.824826965,B,0.013525122,F,0.595876615,C,0.421342054,D
Redland,1.367940105,11,47.04780538,0,43.20773617,1,0,53,0,0.025810191,F,0.20754717,E,0.887694441,A,0,F,0.815240305,B,0.025810191,F,0.547620805,C,0.407620153,D
Renmark Paringa,1.134441308,3,13.52921493,0,11.53332047,0,0,14,0,0.081031522,F,0.214285714,E,0.966372495,A,0,F,0.823808605,B,0.081031522,F,0.590329105,C,0.411904302,D
Richmond,0,1,4.295067455,0,6.675170777,0,0,7,0,0,F,0.142857143,F,0.613581065,C,0,F,0.953595825,A,0,F,0.378219104,D,0.476797913,D
Richmond Valley,1.432624965,12,65.38896264,0,67.87930533,1,0,78,0,0.018366987,F,0.153846154,F,0.838320034,A,0,F,0.870247504,A,0.018366987,F,0.496083094,D,0.435123752,D
Robe,0.233057577,7,33.12931902,0,30.36244717,0,0,36,0,0.006473822,F,0.194444444,E,0.920258862,A,0,F,0.84340131,A,0.006473822,F,0.557351653,C,0.421700655,D
Rockhampton,0.16816232,9,37.51083131,0,45.31263234,1,0,52,0,0.003233891,F,0.173076923,E,0.721362141,B,0,F,0.871396776,A,0.003233891,F,0.447219532,D,0.435698388,D
Rockingham,0.590937124,9,34.8965495,0,30.21596732,0,0,39,0,0.015152234,F,0.230769231,E,0.89478332,A,0,F,0.774768393,B,0.015152234,F,0.562776276,C,0.387384196,D
Roper Gulf,0.632145291,9,40.9186514,0,37.22898308,0,0,43,0,0.014701053,F,0.209302326,E,0.951596544,A,0,F,0.865790304,A,0.014701053,F,0.580449435,C,0.432895152,D
Roxby Downs,0.002787754,1,4,0,3.737546293,0,0,4,0,0.000696938,F,0.25,E,1,A,0,F,0.934386573,A,0.000696938,F,0.625,C,0.467193287,D
Ryde,0.267385634,12,51.50039186,0,49.19157387,1,0,58,0,0.004610097,F,0.206896552,E,0.887937791,A,0,F,0.848130584,A,0.004610097,F,0.547417171,C,0.424065292,D
Salisbury,0.208724348,5,31.75233168,0,30.91238501,0,0,36,0,0.005797899,F,0.138888889,F,0.882009213,A,0,F,0.858677361,A,0.005797899,F,0.510449051,C,0.429338681,D
Sandstone,0.039410823,0,5,0,4.716754454,0,0,5,0,0.007882165,F,0,F,1,A,0,F,0.943350891,A,0.007882165,F,0.5,C,0.471675445,D
Scenic Rim,1.845719272,9,61.98303568,0,73.76663309,1,0,84,0,0.021972848,F,0.107142857,F,0.737893282,B,0,F,0.878174203,A,0.021972848,F,0.42251807,D,0.439087102,D
Serpentine-Jarrahdale,0.519413262,5,21.76845896,0,24.02003676,0,0,31,0,0.016755267,F,0.161290323,F,0.702208353,B,0,F,0.774839896,B,0.016755267,F,0.431749338,D,0.387419948,D
Shark Bay,0.266015859,10,27.47775776,0,25.09575487,0,0,31,0,0.008581157,F,0.322580645,E,0.886379283,A,0,F,0.80954048,B,0.008581157,F,0.604479964,C,0.40477024,D
Shellharbour,1.314585423,16,66.93586891,0,62.07475398,2,0,73,0,0.018008019,F,0.219178082,E,0.916929711,A,0,F,0.850339096,A,0.018008019,F,0.568053897,C,0.425169548,D
Shoalhaven,2.65247931,18,87.87287569,0,87.52908156,2,0,104,0,0.025504609,F,0.173076923,E,0.844931497,A,0,F,0.841625784,A,0.025504609,F,0.50900421,C,0.420812892,D
Singleton,0.386351049,11,46.36009155,0,47.57965146,1,0,56,0,0.006899126,F,0.196428571,E,0.827858778,B,0,F,0.849636633,A,0.006899126,F,0.512143675,C,0.424818317,D
Snowy Monaro Regional,2.512594863,14,66.69469994,0,66.38296583,2,0,80,0,0.031407436,F,0.175,E,0.833683749,A,0,F,0.829787073,B,0.031407436,F,0.504341875,C,0.414893536,D
Snowy Valleys,1.923721221,10,45.29428645,0,42.4043845,2,0,55,0,0.034976749,F,0.181818182,E,0.823532481,B,0,F,0.770988809,B,0.034976749,F,0.502675331,C,0.385494405,D
Somerset,1.236469823,8,51.78814404,0,52.84634376,1,0,61,0,0.020269997,F,0.131147541,F,0.848985968,A,0,F,0.866333504,A,0.020269997,F,0.490066754,D,0.433166752,D
Sorell,1.545580936,11,40.6830607,0,39.89946019,0,0,50,0,0.030911619,F,0.22,E,0.813661214,B,0,F,0.797989204,B,0.030911619,F,0.516830607,C,0.398994602,D
South Burnett,1.165354102,7,38.44086238,0,47.62962136,1,0,54,0,0.021580632,F,0.12962963,F,0.711867822,B,0,F,0.882030025,A,0.021580632,F,0.420748726,D,0.441015013,D
South Gippsland,0.456857095,9,54.17252833,0,51.06721379,0,0,59,0,0.007743341,F,0.152542373,F,0.918178446,A,0,F,0.865545996,A,0.007743341,F,0.53536041,C,0.432772998,D
South Perth,0.460718774,8,30.06070814,0,26.95766125,0,0,34,0,0.013550552,F,0.235294118,E,0.884138475,A,0,F,0.79287239,B,0.013550552,F,0.559716296,C,0.396436195,D
Southern Downs,1.72544918,9,55.95453485,0,67.61724258,1,0,77,0,0.022408431,F,0.116883117,F,0.726682271,B,0,F,0.878146008,A,0.022408431,F,0.421782694,D,0.439073004,D
Southern Grampians,0.44032113,11,44.50040207,0,49.88290694,0,0,60,0,0.007338685,F,0.183333333,E,0.741673368,B,0,F,0.831381782,B,0.007338685,F,0.462503351,D,0.415690891,D
Southern Mallee,1.135022815,4,11.76840222,0,11.03335253,0,0,12,0,0.094585235,F,0.333333333,D,0.980700185,A,0,F,0.919446044,A,0.094585235,F,0.657016759,C,0.459723022,D
Southern Midlands,0.515495829,15,24.79275249,0,29.35742667,0,0,37,0,0.01393232,F,0.405405405,D,0.670074392,B,0,F,0.793443964,B,0.01393232,F,0.537739899,C,0.396721982,D
Stirling,0.508892169,9,28.88833925,0,24.4871982,0,0,30,0,0.016963072,F,0.3,E,0.962944642,A,0,F,0.81623994,B,0.016963072,F,0.631472321,C,0.40811997,D
Stonnington,0.192334902,6,24.32298367,0,22.8752758,0,0,28,0,0.006869104,F,0.214285714,E,0.868677988,A,0,F,0.816974136,B,0.006869104,F,0.541481851,C,0.408487068,D
Strathbogie,0.192535545,7,25.84945221,0,28.76260355,0,0,34,0,0.00566281,F,0.205882353,E,0.760278006,B,0,F,0.845958928,A,0.00566281,F,0.48308018,D,0.422979464,D
Strathfield,0.225686967,6,34.40539947,0,30.43314478,1,0,37,0,0.006099648,F,0.162162162,F,0.929875661,A,0,F,0.822517427,B,0.006099648,F,0.546018912,C,0.411258713,D
Streaky Bay,1.196901277,6,28.21138345,0,25.64569271,0,0,31,0,0.038609719,F,0.193548387,E,0.910044627,A,0,F,0.82728041,B,0.038609719,F,0.551796507,C,0.413640205,D
Subiaco,0.356598748,2,13.88833925,0,12.88318012,0,0,15,0,0.02377325,F,0.133333333,F,0.925889283,A,0,F,0.858878674,A,0.02377325,F,0.529611308,C,0.429439337,D
Sunshine Coast,1.408816471,14,63.70934268,0,68.05350707,1,0,83,0,0.016973692,F,0.168674699,E,0.767582442,B,0,F,0.819921772,B,0.016973692,F,0.46812857,D,0.409960886,D
Surf Coast,0.361488284,13,56.39385924,0,55.99606109,0,0,67,0,0.005395348,F,0.194029851,E,0.841699392,A,0,F,0.835762106,A,0.005395348,F,0.517864621,C,0.417881053,D
Sutherland Shire,2.016143291,14,65.09222197,0,64.83309212,1,0,76,0,0.026528201,F,0.184210526,E,0.856476605,A,0,F,0.853067002,A,0.026528201,F,0.520343566,C,0.426533501,D
Swan,0.533366326,12,33.93349481,0,41.01141466,1,0,50,0,0.010667327,F,0.24,E,0.678669896,B,0,F,0.820228293,B,0.010667327,F,0.459334948,D,0.410114147,D
Swan Hill,1.21674337,5,21.64280902,0,19.39979226,1,0,25,0,0.048669735,F,0.2,E,0.865712361,A,0,F,0.77599169,B,0.048669735,F,0.53285618,C,0.387995845,D
Sydney,0.229748398,11,49.50890727,0,43.49561125,1,0,52,0,0.004418238,F,0.211538462,E,0.952094371,A,0,F,0.836454063,A,0.004418238,F,0.581816416,C,0.418227031,D
Tablelands,1.735090931,5,67.25945684,0,68.99990873,1,0,81,0,0.021420876,F,0.061728395,F,0.830363665,B,0,F,0.851850725,A,0.021420876,F,0.44604603,D,0.425925363,D
Tammin,0.09085978,3,8.192248158,0,13.94516468,1,0,17,0,0.005344693,F,0.176470588,E,0.48189695,D,0,F,0.820303805,B,0.005344693,F,0.329183769,E,0.410151902,D
Tamworth Regional,0.202576435,8,36.80141313,0,40.28384523,1,0,48,0,0.004220342,F,0.166666667,F,0.766696107,B,0,F,0.839246776,A,0.004220342,F,0.466681387,D,0.419623388,D
Tasman,1.545580936,17,42.49193598,0,42.58710071,0,0,52,0,0.02972271,F,0.326923077,E,0.817152615,B,0,F,0.818982706,B,0.02972271,F,0.572037846,C,0.409491353,D
Tatiara,0.233482599,8,26.32803558,0,27.42482268,0,0,33,0,0.00707523,F,0.242424242,E,0.79781926,B,0,F,0.831055233,B,0.00707523,F,0.520121751,C,0.415527616,D
Tea Tree Gully,0.214685346,1,15.83848856,0,17.56204345,0,0,22,0,0.009758425,F,0.045454545,F,0.719931298,B,0,F,0.798274702,B,0.009758425,F,0.382692922,D,0.399137351,D
Temora,0.072276128,2,10.36225764,0,11.53332047,1,0,14,0,0.005162581,F,0.142857143,F,0.74016126,B,0,F,0.823808605,B,0.005162581,F,0.441509202,D,0.411904302,D
Tenterfield,2.664477249,10,60.07224127,0,74.03734477,4,0,88,0,0.030278151,F,0.113636364,F,0.682639105,B,0,F,0.841333463,A,0.030278151,F,0.398137734,D,0.420666732,D
The Hills Shire,0.799634384,13,56.16923881,0,59.79565607,1,0,69,0,0.011588904,F,0.188405797,E,0.814046939,B,0,F,0.866603711,A,0.011588904,F,0.501226368,C,0.433301856,D
Three Springs,0.347024323,4,14.00588366,0,28.95231393,0,0,36,0,0.009639565,F,0.111111111,F,0.389052324,D,0,F,0.804230942,B,0.009639565,F,0.250081718,E,0.402115471,D
Tiwi Islands,0.415106598,10,22.80285116,0,28.51261958,0,0,33,0,0.012578988,F,0.303030303,E,0.69099549,B,0,F,0.864018775,A,0.012578988,F,0.497012896,D,0.432009388,D
Toodyay,0.230374838,4,14.14970941,0,21.43233605,3,0,25,0,0.009214994,F,0.16,F,0.565988376,C,0,F,0.857293442,A,0.009214994,F,0.362994188,D,0.428646721,D
Toowoomba,1.144210509,7,45.22101481,0,58.91295786,1,0,67,0,0.017077769,F,0.104477612,F,0.67494052,B,0,F,0.879297879,A,0.017077769,F,0.389709066,D,0.439648939,D
Torres,0.315373929,7,28.27586956,0,27.78339539,0,0,33,0,0.009556786,F,0.212121212,E,0.856844532,A,0,F,0.841921072,A,0.009556786,F,0.534482872,C,0.420960536,D
Torres Strait Island,0.071523862,7,19.01226442,0,18.27918886,0,0,22,0,0.003251085,F,0.318181818,E,0.864193837,A,0,F,0.830872221,B,0.003251085,F,0.591187828,C,0.41543611,D
Townsville,1.781195388,10,45.671231,0,43.85418396,1,0,52,0,0.034253757,F,0.192307692,E,0.878292904,A,0,F,0.843349691,A,0.034253757,F,0.535300298,C,0.421674846,D
Towong,1.418309016,9,38.66433219,0,37.10831556,1,0,44,0,0.032234296,F,0.204545455,E,0.878734822,A,0,F,0.843370808,A,0.032234296,F,0.541640138,C,0.421685404,D
Trayning,0.042686385,2,7.885095458,0,10.31620712,0,0,12,0,0.003557199,F,0.166666667,F,0.657091288,C,0,F,0.859683927,A,0.003557199,F,0.411878977,D,0.429841963,D
Tumby Bay,0.863603627,4,26.65116156,0,30.01595325,0,0,36,0,0.02398899,F,0.111111111,F,0.740310043,B,0,F,0.833776479,A,0.02398899,F,0.425710577,D,0.41688824,D
Tweed,1.932498109,15,76.60028708,0,82.57442192,1,0,98,0,0.019719368,F,0.153061224,F,0.781635582,B,0,F,0.842596142,A,0.019719368,F,0.467348403,D,0.421298071,D
Unincorp. Other Territories,1.28960503,13,66.28623087,0,83.56584333,2,0,110,0,0.011723682,F,0.118181818,F,0.602602099,C,0,F,0.759689485,B,0.011723682,F,0.360391959,D,0.379844742,D
Unincorporated ACT,0.575601414,13,46.48986906,0,47.00390129,2,0,58,0,0.009924162,F,0.224137931,E,0.801549467,B,0,F,0.810412091,B,0.009924162,F,0.512843699,C,0.405206046,D
Unincorporated NSW,0.969529915,15,78.30682908,0,76.15788404,1,0,95,0,0.010205578,F,0.157894737,F,0.824282411,B,0,F,0.801661937,B,0.010205578,F,0.491088574,D,0.400830969,D
Unincorporated NT,1.480435084,11,40.13743274,0,38.8288267,0,0,45,0,0.032898557,F,0.244444444,E,0.89194295,A,0,F,0.862862816,A,0.032898557,F,0.568193697,C,0.431431408,D
Unincorporated SA,3.140065403,17,79.17088496,0,92.33369703,1,0,105,0,0.029905385,F,0.161904762,F,0.754008428,B,0,F,0.879368543,A,0.029905385,F,0.457956595,D,0.439684272,D
Unincorporated Vic,2.121638174,16,75.05511262,0,67.97073067,0,0,82,0,0.025873636,F,0.195121951,E,0.915306251,A,0,F,0.82891135,B,0.025873636,F,0.555214101,C,0.414455675,D
Unley,0.115508368,1,13.85096254,0,17.06207552,0,0,20,0,0.005775418,F,0.05,F,0.692548127,B,0,F,0.853103776,A,0.005775418,F,0.371274063,D,0.426551888,D
Upper Gascoyne,0.039634703,0,6.572901139,0,7.654378938,0,0,8,0,0.004954338,F,0,F,0.821612642,B,0,F,0.956797367,A,0.004954338,F,0.410806321,D,0.478398684,D
Upper Hunter Shire,0.850571214,9,46.48753298,0,48.73814598,2,0,57,0,0.014922302,F,0.157894737,F,0.815570754,B,0,F,0.855055193,A,0.014922302,F,0.486732745,D,0.427527596,D
Upper Lachlan Shire,0.318177236,11,40.72465919,0,39.61666972,1,0,46,0,0.006916896,F,0.239130435,E,0.885318678,A,0,F,0.861231951,A,0.006916896,F,0.562224556,C,0.430615975,D
Uralla,1.12043731,8,32.50040589,0,33.55005562,2,0,40,0,0.028010933,F,0.2,E,0.812510147,B,0,F,0.83875139,A,0.028010933,F,0.506255074,C,0.419375695,D
Victor Harbor,0.210964369,4,31.95854918,0,36.71185174,0,0,46,0,0.004586182,F,0.086956522,F,0.694751069,B,0,F,0.798083734,B,0.004586182,F,0.390853795,D,0.399041867,D
Victoria Daly,0.974755218,10,37.98115869,0,34.17069108,1,0,41,0,0.023774518,F,0.243902439,E,0.926369724,A,0,F,0.83343149,A,0.023774518,F,0.585136082,C,0.416715745,D
Victoria Park,0.431829044,8,27.06070814,0,25.47848515,0,0,31,0,0.013929969,F,0.258064516,E,0.872926069,A,0,F,0.821886618,B,0.013929969,F,0.565495293,C,0.410943309,D
Victoria Plains,0.157727286,3,11.6579318,0,29.26091673,1,0,38,0,0.004150718,F,0.078947368,F,0.306787679,E,0,F,0.770024124,B,0.004150718,F,0.192867524,E,0.385012062,D
Vincent,0.317187925,7,23.38023168,0,21.04960578,0,0,25,0,0.012687517,F,0.28,E,0.935209267,A,0,F,0.841984231,A,0.012687517,F,0.607604634,C,0.420992116,D
Wagait,0.071747741,9,27.80285116,0,23.79586512,0,0,28,0,0.002562419,F,0.321428571,E,0.99295897,A,0,F,0.849852326,A,0.002562419,F,0.657193771,C,0.424926163,D
Wagga Wagga,0.169798198,7,22.46271419,0,22.88735458,1,0,28,0,0.006064221,F,0.25,E,0.802239792,B,0,F,0.817405521,B,0.006064221,F,0.526119896,C,0.40870276,D
Wagin,0.064128353,1,9.19200915,0,13.39522684,0,0,17,0,0.003772256,F,0.058823529,F,0.540706421,C,0,F,0.78795452,B,0.003772256,F,0.299764975,E,0.39397726,D
Wakefield,0.284948861,5,25.62839928,0,27.31623395,0,0,34,0,0.008380849,F,0.147058824,F,0.75377645,B,0,F,0.803418646,B,0.008380849,F,0.450417637,D,0.401709323,D
Walcha,0.640253401,10,41.71848688,0,40.29592401,3,0,48,0,0.013338613,F,0.208333333,E,0.869135143,A,0,F,0.839498417,A,0.013338613,F,0.538734238,C,0.419749208,D
Walgett,0.130327693,1,12.7241002,0,15.02088279,1,0,17,0,0.007666335,F,0.058823529,F,0.748476482,B,0,F,0.883581341,A,0.007666335,F,0.403650006,D,0.44179067,D
Walkerville,0.115393893,1,11.21715385,0,14.23303977,0,0,16,0,0.007212118,F,0.0625,F,0.701072116,B,0,F,0.889564985,A,0.007212118,F,0.381786058,D,0.444782493,D
Wandering,0.663890496,6,14.9650155,0,17.17066425,0,0,19,0,0.034941605,F,0.315789474,E,0.787632395,B,0,F,0.903719171,A,0.034941605,F,0.551710934,C,0.451859586,D
Wangaratta,0.774668402,8,32.05577754,0,33.87073721,0,0,42,0,0.018444486,F,0.19047619,E,0.763232798,B,0,F,0.806446124,B,0.018444486,F,0.476854494,D,0.403223062,D
Wanneroo,0.428021715,9,25.5272956,0,26.63697966,1,0,32,0,0.013375679,F,0.28125,E,0.797727987,B,0,F,0.832405614,B,0.013375679,F,0.539488994,C,0.416202807,D
Waratah-Wynyard,1.414118829,16,39.18681937,0,39.80803486,0,0,46,0,0.030741714,F,0.347826087,D,0.851887378,A,0,F,0.865392062,A,0.030741714,F,0.599856732,C,0.432696031,D
Waroona,0.590937124,10,35.94786543,0,34.93272177,0,0,44,0,0.013430389,F,0.227272727,E,0.816996942,B,0,F,0.793925495,B,0.013430389,F,0.522134834,C,0.396962747,D
Warren,0.18508681,2,13.62077753,0,16.62072641,1,0,19,0,0.009741411,F,0.105263158,F,0.716883028,B,0,F,0.874775074,A,0.009741411,F,0.411073093,D,0.437387537,D
Warrnambool,0.204877774,9,41.53011824,0,37.28760191,0,0,44,0,0.004656313,F,0.204545455,E,0.943866324,A,0,F,0.847445498,A,0.004656313,F,0.574205889,C,0.423722749,D
Warrumbungle Shire,0.281576284,8,27.89506384,0,29.13325504,1,0,34,0,0.008281655,F,0.235294118,E,0.820443054,B,0,F,0.856860442,A,0.008281655,F,0.527868586,C,0.428430221,D
Wattle Range,0.250443571,10,43.81956544,0,41.09584582,0,0,49,0,0.005111093,F,0.204081633,E,0.894276846,A,0,F,0.838690731,A,0.005111093,F,0.549179239,C,0.419345366,D
Waverley,0.229748398,11,45.92470095,0,41.64578366,1,0,49,0,0.004688743,F,0.224489796,E,0.937238795,A,0,F,0.849913952,A,0.004688743,F,0.580864295,C,0.424956976,D
Weddin,0.078166805,3,11.35760578,0,11.53332047,1,0,14,0,0.005583343,F,0.214285714,E,0.811257556,B,0,F,0.823808605,B,0.005583343,F,0.512771635,C,0.411904302,D
Weipa,0.071523862,9,19.80285116,0,18.20849124,0,0,21,0,0.003405898,F,0.428571429,D,0.942992912,A,0,F,0.867071012,A,0.003405898,F,0.68578217,B,0.433535506,D
Wellington,0.97581781,11,74.64724632,0,69.41710027,0,0,82,0,0.011900217,F,0.134146341,F,0.910332272,A,0,F,0.846550003,A,0.011900217,F,0.522239307,C,0.423275002,D
Wentworth,1.583278015,4,22.8302377,0,21.8374488,1,0,26,0,0.060895308,F,0.153846154,F,0.878086066,A,0,F,0.839901877,A,0.060895308,F,0.51596611,C,0.419950938,D
West Arnhem,1.036654181,10,42.80282479,0,37.47896705,0,0,44,0,0.023560322,F,0.227272727,E,0.972791473,A,0,F,0.851794706,A,0.023560322,F,0.6000321,C,0.425897353,D
West Arthur,0.661102742,4,17.9352318,0,24.31999063,0,0,30,0,0.022036758,F,0.133333333,F,0.59784106,C,0,F,0.810666354,B,0.022036758,F,0.365587197,D,0.405333177,D
West Coast,0.453016236,11,37.35106033,0,34.7327077,0,0,41,0,0.011049176,F,0.268292683,E,0.911001471,A,0,F,0.847139212,A,0.011049176,F,0.589647077,C,0.423569606,D
West Daly,0.071747741,9,29.15025051,0,25.02505725,0,0,30,0,0.002391591,F,0.3,E,0.971675017,A,0,F,0.834168575,A,0.002391591,F,0.635837509,C,0.417084288,D
West Tamar,2.485642691,15,41.94353587,0,43.56630887,0,0,53,0,0.046898919,F,0.283018868,E,0.791387469,B,0,F,0.822005828,B,0.046898919,F,0.537203169,C,0.411002914,D
West Torrens,0.186917755,4,24.24386703,0,22.20810029,0,0,26,0,0.007189144,F,0.153846154,F,0.932456424,A,0,F,0.854157703,A,0.007189144,F,0.543151289,C,0.427078852,D
West Wimmera,0.143648652,8,41.01185515,0,46.25394938,0,0,55,0,0.002611794,F,0.145454545,F,0.745670094,B,0,F,0.840980898,A,0.002611794,F,0.44556232,D,0.420490449,D
Western Downs,0.165025315,7,34.10909613,0,52.16708947,1,0,59,0,0.002797039,F,0.118644068,F,0.578120273,C,0,F,0.884187957,A,0.002797039,F,0.348382171,D,0.442093979,D
Westonia,0.042686385,2,10.8849476,0,15.35364316,0,0,19,0,0.002246652,F,0.105263158,F,0.572891979,C,0,F,0.808086482,B,0.002246652,F,0.339077568,D,0.404043241,D
Whitehorse,0.120811041,6,18.64514645,0,20.23760518,0,0,24,0,0.005033793,F,0.25,E,0.776881102,B,0,F,0.843233549,A,0.005033793,F,0.513440551,C,0.421616775,D
Whitsunday,0.078319517,8,36.83518182,0,42.12502389,1,0,48,0,0.001631657,F,0.166666667,F,0.767399621,B,0,F,0.877604664,A,0.001631657,F,0.467033144,D,0.438802332,D
Whittlesea,0.404689497,9,31.37120948,0,34.2413887,0,0,42,0,0.009635464,F,0.214285714,E,0.746933559,B,0,F,0.815271159,B,0.009635464,F,0.480609637,D,0.40763558,D
Whyalla,1.145208343,2,24.05682906,0,20.85824064,0,0,25,0,0.045808334,F,0.08,F,0.962273163,A,0,F,0.834329626,A,0.045808334,F,0.521136581,C,0.417164813,D
Wickepin,0.042686385,1,5.167522041,0,9.33699896,0,0,11,0,0.00388058,F,0.090909091,F,0.469774731,D,0,F,0.848818087,A,0.00388058,F,0.280341911,E,0.424409044,D
Williams,0.663890496,5,13.36517926,0,16.26215371,0,0,19,0,0.034941605,F,0.263157895,E,0.703430487,B,0,F,0.855902827,A,0.034941605,F,0.483294191,D,0.427951413,D
Willoughby,0.283493577,12,52.85973873,0,49.26227149,1,0,59,0,0.004804976,F,0.203389831,E,0.895927775,A,0,F,0.834953754,A,0.004804976,F,0.549658803,C,0.417476877,D
Wiluna,0.148523237,2,10.00295423,0,10.05414437,0,0,11,0,0.013502112,F,0.181818182,E,0.909359475,A,0,F,0.914013124,A,0.013502112,F,0.545588829,C,0.457006562,D
Wingecarribee,2.378758302,14,62.22916553,0,69.69124181,3,0,83,0,0.028659739,F,0.168674699,E,0.749748982,B,0,F,0.839653516,A,0.028659739,F,0.459211841,D,0.419826758,D
Winton,0.003553147,1,9.012762505,0,10.66270104,0,0,12,0,0.000296096,F,0.083333333,F,0.751063542,B,0,F,0.88855842,A,0.000296096,F,0.417198438,D,0.44427921,D
Wodonga,0.182789404,7,20.93196118,0,22.08743277,1,0,27,0,0.006769978,F,0.259259259,E,0.775257821,B,0,F,0.818053066,B,0.006769978,F,0.51725854,C,0.409026533,D
Wollondilly,1.084377602,12,58.93564969,0,60.47491036,1,0,71,0,0.015272924,F,0.169014085,E,0.830079573,B,0,F,0.851759301,A,0.015272924,F,0.499546829,D,0.42587965,D
Wollongong,1.082673005,17,73.59402335,0,73.35809048,2,0,86,0,0.012589221,F,0.197674419,E,0.855744458,A,0,F,0.853001052,A,0.012589221,F,0.526709438,C,0.426500526,D
Wongan-Ballidu,0.042686385,2,10.92311169,0,31.23141183,0,0,40,0,0.00106716,F,0.05,F,0.273077792,E,0,F,0.780785296,B,0.00106716,F,0.161538896,F,0.390392648,D
Woodanilling,0.064128353,1,9.633710471,0,14.07448113,0,0,19,0,0.003375176,F,0.052631579,F,0.507037393,C,0,F,0.740762165,B,0.003375176,F,0.279834486,E,0.370381082,D
Woollahra,1.229748398,11,47.44822662,0,44.22483544,1,0,52,0,0.023649008,F,0.211538462,E,0.912465897,A,0,F,0.850477605,A,0.023649008,F,0.562002179,C,0.425238802,D
Woorabinda,0.012869308,2,12.8577068,0,15.8208046,1,0,18,0,0.000714962,F,0.111111111,F,0.714317045,B,0,F,0.878933589,A,0.000714962,F,0.412714078,D,0.439466794,D
Wudinna,1.040234657,0,10.81352145,0,11.03335253,0,0,12,0,0.086686221,F,0,F,0.901126787,A,0,F,0.919446044,A,0.086686221,F,0.450563394,D,0.459723022,D
Wujal Wujal,0.319529668,4,29.31765401,0,26.55420326,1,0,31,0,0.010307409,F,0.129032258,F,0.945730775,A,0,F,0.856587202,A,0.010307409,F,0.537381516,C,0.428293601,D
Wyalkatchem,0.042686385,2,6.724423101,0,11.18682655,0,0,14,0,0.003049028,F,0.142857143,F,0.480315936,D,0,F,0.799059039,B,0.003049028,F,0.311586539,E,0.39952952,D
Wyndham,0.236483138,10,43.835027,0,43.99557919,0,0,54,0,0.004379317,F,0.185185185,E,0.811759759,B,0,F,0.814732948,B,0.004379317,F,0.498472472,D,0.407366474,D
Wyndham-East Kimberley,0.422500395,10,32.03383709,1,29.03337936,0,0,34,1,0.012426482,F,0.294117647,E,0.942171679,A,0.028571429,F,0.829525124,B,0.012426482,F,0.618144663,C,0.429048277,D
Yalgoo,0.042198577,2,13.83657979,0,12.54533513,0,0,18,0,0.002344365,F,0.111111111,F,0.768698877,B,0,F,0.696963063,B,0.002344365,F,0.439904994,D,0.348481531,D
Yankalilla,0.139440507,5,29.93367981,0,34.93272177,0,0,44,0,0.003169102,F,0.113636364,F,0.680310905,B,0,F,0.793925495,B,0.003169102,F,0.396973634,D,0.396962747,D
Yarra,0.225809024,6,24.67234582,0,23.12525976,0,0,29,0,0.007786518,F,0.206896552,E,0.850770545,A,0,F,0.79742275,B,0.007786518,F,0.528833549,C,0.398711375,D
Yarra Ranges,2.387883816,8,35.7620874,0,36.57910544,0,0,47,0,0.050806039,F,0.170212766,E,0.760895477,B,0,F,0.778278839,B,0.050806039,F,0.465554121,D,0.38913942,D
Yarrabah,0.315373929,7,43.44501375,0,37.72895102,0,0,45,0,0.00700831,F,0.155555556,F,0.96544475,A,0,F,0.838421134,A,0.00700831,F,0.560500153,C,0.419210567,D
Yarriambiack,1.226232731,5,20.21147251,0,22.9580522,0,0,29,0,0.042283887,F,0.172413793,E,0.696947328,B,0,F,0.791656972,B,0.042283887,F,0.434680561,D,0.395828486,D
Yass Valley,0.414745199,9,37.26414505,0,37.42899715,1,0,46,0,0.0090162,F,0.195652174,E,0.81009011,B,0,F,0.813673851,B,0.0090162,F,0.502871142,C,0.406836926,D
Yilgarn,0.042686385,2,15.09597678,0,21.5116826,0,0,29,0,0.001471944,F,0.068965517,F,0.520550923,C,0,F,0.741782159,B,0.001471944,F,0.29475822,E,0.370891079,D
York,0.168248379,3,18.91275594,0,24.49927699,1,0,30,0,0.005608279,F,0.1,F,0.630425198,C,0,F,0.816642566,B,0.005608279,F,0.365212599,D,0.408321283,D
Yorke Peninsula,0.235326096,7,32.26924262,0,37.19109196,0,0,45,0,0.005229469,F,0.155555556,F,0.717094281,B,0,F,0.82646871,B,0.005229469,F,0.436324918,D,0.413234355,D
